Born,90s,Gls,Ast,CrdY,CrdR,Pos_format,Player_format
2000,14,0,1,1,0,1,0
1999,5,0,0,2,0,1,1
1999,14,2,1,5,0,1,1
1996,4,0,0,1,0,1,2
1997,27,3,4,6,0,1,3
2000,25,9,7,6,0,1,4
1995,17,0,0,1,0,1,5
1998,24,1,0,6,0,1,6
1992,18,0,0,2,0,1,7
1992,21,1,0,4,0,1,8
1995,24,3,2,4,0,1,9
2003,0,0,0,0,0,1,10
1994,15,0,2,3,0,1,11
1998,12,1,1,1,0,1,12
1993,20,0,0,3,0,1,13
1998,20,2,0,3,0,1,14
2002,9,0,0,2,0,1,15
2006,4,0,2,0,0,1,16
1994,26,1,2,5,0,1,17
1994,1,0,0,1,0,1,18
1997,22,4,1,1,0,1,19
1988,7,0,0,1,0,1,20
1989,10,1,1,1,0,1,21
1999,16,1,5,2,0,1,22
2001,29,5,0,4,0,1,23
2001,1,0,0,1,0,1,23
1994,26,0,1,5,0,1,24
2001,32,0,1,9,0,1,25
1997,19,1,0,3,0,1,26
1989,13,0,1,6,0,1,27
2000,28,0,3,2,0,1,28
1997,17,1,1,3,0,1,29
1996,0,0,0,0,0,1,30
2000,23,1,0,5,1,1,31
1994,12,0,1,3,0,1,18
2002,26,0,0,4,0,1,32
2002,1,0,0,0,0,1,33
2000,5,0,0,0,0,1,34
1996,31,0,0,2,0,1,35
1993,9,0,0,3,0,1,36
1996,5,0,0,3,0,1,37
1991,18,0,0,8,1,1,38
1997,32,2,0,5,1,1,39
1997,4,0,0,1,0,1,40
1989,4,0,0,4,0,1,41
1998,11,2,2,2,1,1,42
1993,18,2,0,4,0,1,43
2001,11,0,2,4,0,1,44
1987,15,1,0,3,1,1,45
1990,4,0,0,1,0,1,46
1990,16,0,0,6,1,1,46
1996,19,0,2,6,0,1,47
1991,4,0,1,0,0,1,48
1991,7,0,1,5,0,1,48
1996,14,0,2,4,0,1,49
1994,20,0,1,9,1,1,50
2000,16,0,1,4,0,1,51
1994,12,0,0,0,0,1,52
2001,13,0,1,4,0,1,53
2000,18,0,0,3,0,1,54
2005,2,0,0,1,0,1,55
2001,17,1,1,8,0,1,56
1991,19,1,4,5,0,1,57
2001,33,0,3,7,0,1,58
1991,1,0,0,1,0,1,59
2000,3,0,0,1,0,1,60
2004,1,0,0,0,0,1,61
1987,18,0,1,5,0,1,62
1994,35,1,2,10,0,1,63
2001,20,0,1,9,0,1,64
1999,1,0,0,0,0,1,65
1988,13,0,0,6,0,1,66
2001,3,0,0,1,0,1,67
2000,30,1,0,9,1,1,68
1993,28,0,0,12,0,1,69
2003,8,0,0,2,0,1,70
1992,6,1,0,6,1,1,71
1989,9,0,1,1,0,1,72
1995,31,10,13,1,0,1,73
1995,26,1,6,8,0,1,74
1995,26,2,3,7,0,1,75
1993,25,2,0,8,0,1,76
2001,11,0,0,3,1,1,77
1985,22,0,2,6,1,1,78
1998,19,0,0,6,1,1,79
2004,8,0,0,2,0,1,80
1991,17,0,3,3,0,1,81
1992,24,1,0,9,1,1,82
1991,29,1,0,7,0,1,83
2004,0,0,0,0,0,1,84
1994,25,6,3,9,1,1,85
1996,32,1,0,6,0,1,86
1991,35,4,10,6,0,1,87
2003,25,0,4,2,0,1,88
2005,1,0,0,0,0,1,89
1999,7,0,0,3,1,1,90
1997,12,0,2,2,0,1,91
1991,23,1,0,5,1,1,92
1996,16,0,4,4,0,1,93
2002,31,0,2,5,0,1,94
1994,28,2,0,3,0,1,95
1990,4,0,1,1,0,1,96
1999,8,1,0,2,0,1,97
2004,0,0,0,0,0,1,98
1993,13,3,0,2,0,1,99
1994,22,1,2,4,1,1,100
1999,27,2,0,1,0,1,101
2000,22,0,1,2,0,1,102
1997,27,2,3,5,0,1,103
1999,24,0,3,6,0,1,104
1991,19,1,1,7,0,1,105
1990,19,0,1,4,2,1,106
1996,10,0,0,0,0,1,107
1996,35,0,2,4,0,1,108
1994,27,1,1,6,0,1,109
1993,19,3,0,7,1,1,110
1997,12,0,0,1,0,1,111
1993,7,1,0,4,0,1,112
1993,8,1,0,5,0,1,113
1995,1,0,1,0,0,1,114
1994,18,2,1,5,0,1,115
2000,34,2,3,5,0,1,116
2001,26,4,2,4,1,1,117
1996,17,0,0,3,0,1,118
1999,32,3,4,5,1,1,119
2002,10,0,0,1,0,1,120
1998,29,4,0,7,0,1,121
2005,8,0,0,1,0,1,122
1994,5,0,0,1,0,1,123
1995,4,0,0,0,0,1,124
2000,20,0,0,4,1,1,125
1996,16,1,0,5,1,1,126
2003,2,1,0,1,0,1,127
1997,22,1,1,9,0,1,128
2002,4,0,0,3,0,1,129
2005,0,0,0,0,0,1,130
1997,28,2,0,7,1,1,131
1997,32,2,0,6,1,1,132
2000,14,3,2,5,1,1,133
1997,20,0,1,5,0,1,134
1999,31,1,3,7,0,1,135
1998,0,0,0,0,0,1,136
1999,1,0,0,1,0,1,137
1993,11,0,0,3,0,1,138
1998,12,0,0,2,0,1,139
1989,15,0,0,7,1,1,140
1995,0,0,0,0,0,1,141
1994,21,0,2,3,0,1,142
1997,31,1,0,4,0,1,143
1999,17,1,1,2,0,1,144
1998,5,0,0,3,0,1,145
2002,0,0,0,0,0,1,146
2000,18,0,2,4,0,1,147
1993,36,1,6,6,0,1,148
1998,30,2,8,6,0,1,149
1987,17,1,0,4,1,1,150
1996,5,0,0,3,0,1,151
1996,12,0,4,4,1,1,151
1995,17,0,1,2,0,1,152
2001,32,3,0,9,0,1,153
2003,24,0,0,1,0,1,154
1999,25,0,0,6,1,1,155
2000,15,2,1,5,0,1,156
2004,0,0,0,0,0,1,157
1999,6,0,0,2,0,1,158
1992,23,1,1,5,0,1,159
2000,23,1,1,3,0,1,160
2002,26,0,1,8,1,1,161
1999,4,0,0,0,0,1,162
1998,20,0,0,7,1,1,163
1998,7,0,0,1,0,1,164
2001,19,5,2,4,0,1,165
2001,10,0,0,2,0,1,166
2000,22,5,3,5,0,1,167
1991,24,3,2,6,1,1,168
1997,23,5,6,0,0,1,169
1993,27,1,3,7,0,1,170
1994,13,0,0,1,0,1,171
1994,2,0,0,0,0,1,171
1988,2,0,0,1,0,1,172
1986,28,3,0,7,1,1,173
1997,28,0,0,0,0,1,174
2000,16,1,2,5,0,1,175
1999,23,2,1,14,0,1,176
2001,5,0,0,3,0,1,177
1996,1,0,0,1,0,1,178
2003,1,0,0,0,0,1,179
1996,12,1,0,6,0,1,180
2004,2,0,0,3,0,1,181
1988,8,2,0,0,0,1,182
1993,28,0,7,10,0,1,183
2001,8,0,0,2,0,1,184
1992,31,1,2,4,0,1,185
1999,35,2,3,6,1,1,186
2002,12,1,0,1,0,1,187
1999,22,1,2,1,0,1,188
1998,10,1,0,0,0,1,189
1995,27,0,0,9,0,1,190
1988,17,0,0,5,1,1,191
1990,30,1,1,6,0,1,192
2005,0,0,0,0,0,1,193
1994,1,0,0,0,0,1,194
2001,3,0,0,1,0,1,195
1998,31,5,0,7,1,1,196
1999,22,3,1,7,0,1,197
1998,20,0,2,10,0,1,198
1991,27,1,1,7,0,1,199
1992,0,0,0,0,0,1,200
1998,30,1,0,6,0,1,201
2004,0,0,0,0,0,1,202
2003,8,0,0,2,0,1,203
1990,24,1,1,7,0,1,204
1995,24,0,0,5,0,1,205
2000,17,3,5,1,0,1,206
1993,12,1,0,2,0,1,207
2000,23,2,5,0,0,1,208
1995,9,0,0,2,0,1,209
2001,17,0,0,6,0,1,210
2004,0,0,0,0,0,1,211
1992,10,3,2,4,0,1,212
1995,9,0,1,5,1,1,213
1989,27,2,1,2,0,1,214
1994,19,3,2,2,0,1,215
1997,36,0,6,6,0,1,216
1993,32,1,1,10,0,1,217
1983,32,1,1,5,1,1,218
1996,20,1,1,5,1,1,219
1997,16,0,0,4,1,1,220
1996,4,0,0,0,0,1,221
2000,36,0,0,9,1,1,222
1998,5,0,0,2,0,1,223
1995,11,0,1,4,0,1,224
2002,1,0,0,1,0,1,225
1998,30,0,1,3,0,1,226
1992,5,0,0,2,0,1,227
1995,12,0,1,0,0,1,228
1999,0,0,0,0,0,1,229
2002,19,0,0,6,1,1,230
1991,31,1,0,7,0,1,231
1997,12,0,0,4,0,1,232
1999,6,0,1,0,0,1,233
1997,15,0,0,5,0,1,234
2000,6,0,0,1,1,1,235
1991,32,3,1,7,1,1,236
1998,9,1,1,3,0,1,237
1991,0,0,0,0,0,1,238
1998,9,0,2,3,0,1,239
1996,28,2,1,5,0,1,240
1996,12,1,3,4,1,1,241
1998,20,1,4,1,0,1,242
1988,16,0,1,2,0,1,243
1998,14,2,3,4,0,1,244
2002,11,1,1,2,0,1,245
2002,14,0,0,6,0,1,245
1989,0,0,0,0,0,1,246
1992,28,0,1,9,0,1,247
1999,9,1,0,7,1,1,248
1998,29,1,0,5,0,1,249
2003,16,3,2,1,1,1,250
2000,33,0,0,1,0,1,251
2004,1,0,0,1,0,1,252
1999,13,1,0,4,0,1,253
1991,22,0,0,2,0,1,254
1994,9,0,1,2,0,1,255
1993,6,0,0,2,0,1,256
1996,18,4,4,2,1,1,257
1995,21,2,1,7,0,1,258
2001,18,0,0,2,0,1,259
2003,21,1,3,2,0,1,260
2003,0,0,0,0,0,1,261
2002,15,0,2,5,0,1,262
1994,15,1,1,2,0,1,263
1992,13,1,0,2,0,1,264
1998,24,2,0,2,0,1,265
1998,6,0,0,0,0,1,266
1998,25,7,2,2,0,1,267
1993,32,0,1,5,0,1,268
1992,8,0,0,2,0,1,269
1991,28,0,0,14,1,1,270
2003,13,2,0,1,0,1,271
2000,0,0,0,0,0,1,272
1998,29,2,0,6,0,1,273
2001,16,0,0,1,0,1,274
1998,7,0,0,0,0,1,275
1999,11,0,0,3,0,1,276
1997,27,1,2,7,0,1,277
1995,10,0,0,5,2,1,278
2005,6,0,0,1,0,1,279
2002,19,2,1,1,0,1,280
2002,5,0,0,1,0,1,280
2001,10,1,0,6,0,1,281
1998,7,0,0,3,0,1,282
1993,28,2,0,1,0,1,283
2003,18,0,0,4,0,1,284
2002,22,1,0,4,0,1,285
1999,32,2,8,5,0,1,286
2002,14,0,2,1,1,1,287
1997,36,0,0,10,1,1,288
1999,34,3,7,3,0,1,289
1998,33,2,4,5,0,1,290
2004,17,2,0,6,0,1,291
1990,0,0,0,2,0,1,292
1993,12,1,2,1,0,1,293
1998,19,1,0,5,1,1,294
2003,20,0,6,7,1,1,295
1991,5,0,0,0,0,1,296
1994,24,1,0,15,1,1,297
1994,8,0,1,3,0,1,298
1996,30,2,0,10,0,1,299
1992,21,1,0,1,0,1,300
2002,23,7,2,7,1,1,301
1998,2,0,1,0,0,1,302
1996,16,1,0,3,0,1,303
1998,1,0,0,0,0,1,302
2000,26,2,2,9,0,1,304
1996,4,0,0,2,0,1,305
1989,13,0,1,1,0,1,306
2000,10,1,3,1,0,1,307
1995,24,1,6,1,1,1,308
1997,38,2,0,7,0,1,309
1993,24,1,0,4,0,1,310
1999,7,0,0,1,0,1,311
1991,12,1,0,3,0,1,312
2005,1,1,0,0,0,1,313
1997,16,1,4,1,1,1,314
1997,21,0,2,5,1,1,315
1998,32,1,2,4,0,1,316
2004,4,0,0,3,0,1,317
2001,11,0,0,1,0,1,318
1998,10,0,2,2,0,1,319
2001,7,1,0,1,0,1,320
1992,20,0,4,2,0,1,321
2001,20,1,0,3,0,1,322
1997,34,1,0,5,0,1,323
1994,3,0,0,1,0,1,324
2005,2,0,0,1,0,1,325
1996,32,4,1,9,0,1,326
1999,18,0,0,5,1,1,327
2004,12,1,1,4,0,1,328
1994,8,2,1,2,0,1,329
1994,34,2,0,1,0,1,330
1998,13,0,4,1,0,1,331
1992,25,1,0,4,0,1,332
1995,13,0,2,2,0,1,333
1997,15,0,1,4,1,1,334
1997,20,0,0,4,0,1,335
2006,0,0,0,0,0,1,336
2003,14,0,2,5,0,1,337
1991,14,0,0,5,0,1,338
1998,7,0,1,3,0,1,339
1996,26,5,1,9,0,1,340
1992,34,1,0,3,1,1,341
1994,1,0,0,2,0,1,342
2004,4,0,0,1,0,1,343
1994,25,1,1,4,0,1,344
1994,11,0,0,0,0,1,342
1998,25,0,0,7,0,1,345
2001,0,0,0,0,0,1,346
1998,16,3,3,5,0,1,347
2004,9,0,0,5,0,1,348
1994,17,0,1,1,0,1,349
2004,23,1,1,2,0,1,350
1989,25,1,5,5,0,1,351
2002,0,0,0,0,0,1,352
2003,22,0,1,4,1,1,353
1993,29,0,0,7,0,1,354
1995,15,0,0,5,0,1,355
1998,17,0,1,2,0,1,356
2000,10,1,0,0,0,1,357
1995,1,0,0,2,0,1,358
2002,27,0,0,6,0,1,359
1996,15,1,1,4,1,1,360
1996,0,0,0,2,0,1,360
1994,20,1,0,0,1,1,361
2004,6,0,0,1,0,1,362
2002,35,0,1,6,1,1,363
1993,5,1,0,2,0,1,364
2001,12,1,1,4,0,1,365
2000,4,0,0,0,0,1,366
1994,10,0,0,2,0,1,367
1993,18,2,2,4,0,1,368
2000,2,0,0,0,1,1,369
2002,33,0,3,5,0,1,370
1994,13,1,1,4,0,1,371
1998,14,0,0,6,0,1,372
1997,4,0,0,1,0,1,373
1996,27,2,0,13,0,1,374
1989,6,1,1,1,0,1,375
1989,22,3,0,4,0,1,376
1997,1,0,0,0,0,1,377
1997,5,0,0,3,0,1,377
2002,17,0,2,2,0,1,378
1993,19,0,2,4,1,1,379
1996,22,0,4,3,0,1,380
2002,26,1,3,3,0,1,381
1998,20,1,0,4,0,1,382
1999,30,0,0,6,0,1,383
2003,4,1,1,1,0,1,384
1998,4,0,0,0,0,1,385
2004,0,0,0,0,0,1,386
1999,15,2,0,5,0,1,387
1996,14,1,0,3,0,1,388
1997,17,2,1,1,0,1,389
2004,9,2,0,1,0,1,390
2002,15,1,0,1,0,1,391
1994,27,1,1,8,0,1,392
1994,0,0,0,0,0,1,393
1994,0,0,0,0,0,1,393
1993,24,1,1,5,0,1,394
1995,13,0,1,3,0,1,395
2003,0,0,0,0,0,1,396
1993,3,0,0,1,0,1,397
1995,28,6,4,5,0,1,398
1995,31,2,0,2,0,1,399
1993,22,0,2,4,0,1,400
1991,37,3,1,5,0,1,401
2003,1,0,0,0,0,1,402
1997,17,0,1,3,0,1,403
1993,12,1,0,4,0,1,404
2004,2,0,0,1,0,1,405
1993,10,2,1,2,0,1,406
1992,0,0,0,0,0,1,407
2002,14,2,2,5,0,1,408
2000,4,0,0,1,0,1,409
2005,10,0,1,3,0,1,410
1993,12,4,0,4,0,1,411
1997,16,1,2,3,1,1,412
1997,34,4,0,4,0,1,413
2003,15,0,0,7,0,1,414
1992,20,1,0,7,0,1,415
1998,19,1,0,7,2,1,416
1995,27,0,0,6,0,1,417
2002,23,0,1,4,1,1,418
1997,19,1,1,5,0,1,419
1996,38,1,1,4,0,1,420
2000,6,0,0,2,0,1,421
1996,19,0,3,3,0,1,422
2000,26,4,1,5,3,1,423
2000,10,0,0,2,0,1,421
2001,6,0,0,1,0,1,424
1989,8,0,0,2,1,1,425
1993,20,0,0,4,0,1,426
1994,0,0,0,0,0,1,427
1997,6,0,0,1,0,1,428
1997,9,1,0,1,1,1,429
2001,17,1,0,6,0,1,430
1998,25,0,0,1,0,1,431
1995,20,1,2,2,0,1,432
1991,33,2,3,7,0,1,433
1992,8,0,1,2,0,1,434
1997,20,0,3,3,0,1,435
2004,1,0,0,0,0,1,436
1990,0,0,0,0,0,1,437
2002,24,1,0,3,0,1,438
1997,11,0,1,0,0,1,439
1992,25,0,3,6,0,1,440
1991,9,0,0,2,0,1,441
1992,23,0,3,1,0,1,442
2005,10,3,0,1,0,1,443
2002,16,1,2,2,0,1,444
2002,1,0,0,0,0,1,445
1999,10,0,1,3,0,1,446
1999,10,0,0,1,1,1,446
2002,8,0,0,5,0,1,447
2003,3,2,0,1,0,1,448
1998,21,2,3,4,1,1,449
2005,0,0,0,0,0,1,450
2001,16,2,2,1,0,1,451
1997,20,0,0,5,0,1,452
2001,18,0,1,4,0,1,453
1997,31,5,4,11,1,1,454
1989,8,1,0,4,0,1,455
1999,7,0,0,2,0,1,456
1996,21,1,1,6,0,1,457
1996,8,0,0,3,1,1,458
1997,23,2,4,5,0,1,459
1993,0,0,0,0,0,1,460
1999,33,2,2,4,0,1,461
1994,13,0,0,2,0,1,462
1992,33,1,1,5,0,1,463
1988,18,3,0,4,1,1,464
2005,0,0,0,0,0,1,465
2005,6,2,0,4,0,1,465
1996,31,0,0,6,0,1,466
2000,21,1,1,8,0,1,467
2003,0,0,0,0,0,1,468
2004,3,0,0,0,0,1,469
1999,36,2,3,6,0,1,470
1998,6,0,0,0,0,1,471
1990,8,1,0,3,0,1,472
2000,10,1,1,5,0,1,473
1990,20,0,2,4,1,1,474
1997,18,1,1,4,0,1,475
1989,19,0,0,3,0,1,476
1995,28,0,1,9,0,1,477
1993,9,0,1,0,0,1,478
1997,11,1,0,5,0,1,479
2004,9,1,0,2,0,1,480
1998,22,4,5,3,0,1,481
1991,4,0,0,1,0,1,482
1992,8,0,1,1,0,1,483
2001,1,0,0,0,0,1,484
2003,1,0,0,0,0,1,485
2004,2,0,0,1,0,1,486
1994,14,1,1,7,0,1,487
1997,9,0,0,2,0,1,488
1992,20,0,0,9,0,1,489
1994,13,0,0,5,0,1,490
2002,26,4,1,3,0,1,491
2001,34,2,7,4,0,1,492
2001,14,2,1,4,0,1,493
1998,28,1,2,10,0,1,494
2004,34,0,0,2,0,1,495
1999,7,0,0,0,0,1,496
1992,18,0,0,4,1,1,497
1997,9,0,2,5,0,1,498
1997,4,0,1,1,0,1,499
1994,7,1,0,2,0,1,500
1997,28,1,5,5,0,1,501
1992,16,2,2,5,2,1,502
1993,12,2,0,2,0,1,503
1993,6,0,0,0,0,1,504
1997,1,0,0,0,0,1,505
2001,0,0,0,0,0,1,506
2000,26,0,0,4,0,1,507
1993,0,0,0,0,0,1,508
2000,1,0,0,0,0,1,509
1997,10,0,0,1,0,1,510
1994,12,0,1,5,0,1,511
1984,2,0,0,1,0,1,512
2004,11,1,1,1,1,1,513
1994,14,2,0,4,0,1,514
1994,0,0,0,1,0,1,514
1995,14,0,1,4,0,1,515
1995,5,0,1,0,1,1,515
1995,23,0,2,5,0,1,516
2006,0,0,0,0,0,1,517
1998,3,0,0,2,0,1,518
1994,24,2,2,1,0,1,519
2001,6,0,0,1,0,1,520
2006,1,0,0,1,0,1,521
1996,5,0,0,0,0,1,522
2000,6,0,0,0,0,1,523
1998,29,0,7,6,0,1,524
2005,1,0,0,1,0,1,525
1991,24,1,0,7,0,1,526
1999,30,1,3,11,0,1,527
1999,19,0,1,7,1,1,528
1997,13,0,3,3,0,1,529
1989,14,2,0,1,1,1,530
1991,8,0,0,4,0,1,531
1993,14,1,0,5,0,1,532
2002,13,1,0,2,0,1,533
2004,6,1,0,2,0,1,534
2002,3,0,1,2,0,1,533
2004,1,0,0,0,0,1,535
2004,0,0,0,0,0,1,536
2001,19,0,2,7,0,1,537
1991,10,1,1,5,0,1,538
2000,25,4,0,11,1,1,539
1990,12,1,0,4,0,1,540
1997,17,1,0,2,0,1,541
2005,12,2,0,3,0,1,542
1993,15,1,2,2,0,1,543
2000,6,0,1,1,0,1,544
1995,14,0,2,4,0,1,545
1991,29,1,0,4,1,1,546
1997,4,1,0,1,0,1,547
2001,7,0,0,1,0,1,548
2001,2,0,0,0,0,1,548
1994,0,0,0,0,0,1,549
1999,25,0,2,1,0,1,550
1997,18,3,0,9,0,1,551
1991,12,1,0,0,0,1,552
1996,23,0,0,2,0,1,553
1990,27,1,1,1,0,1,554
1998,7,0,0,1,0,1,555
1991,6,0,0,0,0,1,556
2006,0,0,0,0,1,1,557
1997,28,0,0,4,0,1,558
2000,6,0,0,2,0,1,559
2003,9,1,2,1,0,1,560
1998,6,0,0,0,0,1,561
1986,9,0,2,3,0,1,562
1998,18,0,0,4,0,1,563
1996,22,1,1,3,0,1,564
2002,14,0,1,0,0,1,565
2003,0,0,0,0,0,1,566
2002,8,0,1,1,0,1,565
1997,8,0,0,0,0,1,567
1998,4,0,0,0,0,1,568
2002,3,1,1,3,0,1,569
1990,0,0,0,0,0,1,570
1998,34,1,3,8,0,1,571
1999,5,0,2,2,2,1,572
1999,15,2,0,4,0,1,573
1999,16,1,2,0,0,1,574
2007,17,0,0,4,0,1,575
2004,5,0,0,0,0,1,576
1995,19,0,0,5,0,1,577
1998,3,0,0,0,0,1,578
2001,14,0,0,6,0,1,579
2005,3,0,1,0,0,1,580
2002,27,1,0,3,0,1,581
1997,7,0,1,2,0,1,582
1992,18,0,0,9,0,1,583
1994,8,2,1,3,0,1,584
1988,3,0,2,1,0,1,585
2002,9,0,0,2,0,1,262
1997,1,0,0,0,0,1,586
1998,13,2,1,2,1,1,587
1990,11,0,0,6,1,1,588
1994,23,0,5,1,0,1,589
1995,16,1,3,3,0,1,590
1999,30,0,2,2,1,1,591
2001,1,0,0,2,0,1,592
2004,0,0,0,0,0,1,593
1995,12,0,0,4,1,1,594
1997,14,0,2,1,0,1,595
2003,11,1,0,4,1,1,596
1990,21,3,1,5,0,1,597
1992,20,0,1,3,0,1,598
2001,10,0,0,3,0,1,599
2001,18,0,1,5,1,1,600
1987,14,0,1,3,0,1,601
2000,26,2,0,4,0,1,602
1995,32,1,0,9,0,1,603
1999,22,0,2,7,0,1,604
1994,1,1,0,0,0,1,605
1992,26,2,5,8,0,1,606
2000,22,3,1,7,0,1,607
1999,23,0,0,4,0,1,608
1999,9,5,2,2,0,1,609
1989,0,0,0,0,0,1,610
2000,14,0,1,6,0,1,611
1996,13,1,0,5,0,1,612
2003,14,0,1,1,0,1,613
2000,9,0,2,4,0,1,614
1995,10,1,0,2,0,1,615
1992,4,2,1,1,0,1,616
2002,26,0,3,4,0,1,617
1998,28,1,1,6,1,1,618
2005,16,0,1,0,0,1,619
1997,24,4,0,8,1,1,620
1995,19,0,1,0,1,1,621
1996,8,0,3,0,0,1,622
1996,8,1,0,3,0,1,623
1999,25,1,3,5,0,1,624
1999,26,1,0,6,1,1,625
1999,29,1,2,3,2,1,626
1988,4,0,0,1,0,1,627
2000,9,1,0,3,0,1,628
2005,0,0,0,0,0,1,629
1991,2,0,0,1,0,1,630
2005,1,0,0,0,0,1,631
2002,27,2,3,7,1,1,632
1996,30,3,3,5,0,1,633
1993,2,0,0,0,0,1,634
1998,20,1,0,3,1,1,635
1996,37,0,1,3,1,1,636
2002,12,0,0,2,0,1,637
2005,0,0,0,0,0,1,638
2001,24,1,2,6,0,1,639
2000,34,1,7,5,0,1,640
2001,14,0,0,4,0,1,641
1991,7,0,0,3,0,1,642
1994,19,0,0,0,0,1,643
1997,27,2,0,1,0,1,644
1998,3,0,0,1,0,1,645
1998,29,0,0,4,0,1,646
2003,23,1,1,6,0,1,647
1997,0,0,0,0,0,1,648
1986,25,2,0,2,0,1,649
1998,28,0,2,5,0,1,650
2002,0,0,0,0,0,1,651
1987,18,0,2,2,1,1,652
1990,25,1,10,5,0,1,653
1992,26,0,2,7,0,1,654
2001,19,0,2,2,0,1,655
1993,26,1,1,8,0,1,656
2004,0,0,0,0,0,1,657
1993,17,2,0,6,1,1,658
2003,10,0,0,1,0,1,659
1995,1,0,0,0,0,1,660
2002,2,0,0,0,0,1,661
2002,8,0,1,2,0,1,662
1996,1,0,0,0,1,1,663
1997,12,2,2,1,0,1,664
2000,10,0,0,1,0,1,665
1997,36,3,0,9,0,1,666
2000,14,3,1,3,0,1,667
1995,25,1,0,4,0,1,668
1995,12,2,0,4,0,1,669
1996,12,0,5,3,1,1,670
2001,0,0,0,0,0,1,671
1993,15,1,2,0,0,1,672
1999,30,3,0,11,1,1,673
1999,0,0,0,0,0,1,674
2005,1,1,1,1,0,1,675
1997,19,1,1,5,0,1,676
2005,0,0,0,0,0,1,677
1994,7,0,0,1,0,1,678
1989,4,0,0,0,0,1,679
1991,24,0,2,6,0,1,680
1992,30,2,2,4,0,1,681
1999,2,1,0,0,0,1,682
1996,18,0,4,5,0,1,683
1991,1,0,0,0,0,1,684
1999,28,3,0,7,0,1,685
1991,4,0,0,0,0,1,686
1995,0,0,0,0,0,1,687
1998,9,0,0,1,0,1,688
2002,8,0,0,1,0,1,689
2000,4,1,0,0,0,1,690
2000,30,1,2,7,1,1,691
2002,7,1,0,0,0,1,692
2003,8,1,3,2,0,1,693
1992,24,3,1,7,1,1,694
1996,29,4,1,6,0,1,695
1991,16,2,1,3,1,1,696
1998,24,0,0,2,0,1,697
1994,24,0,2,6,1,1,698
1995,15,0,0,5,1,1,699
2003,1,0,0,0,0,1,700
2000,31,3,0,9,0,1,701
2000,1,0,0,1,0,1,702
1995,1,0,0,1,0,1,703
1988,3,0,0,0,0,1,704
1992,38,1,1,11,0,1,705
1990,33,1,2,6,0,1,706
2000,5,0,0,2,0,1,707
1999,23,0,1,4,0,1,708
2002,35,3,0,8,0,1,709
1996,1,0,0,0,0,1,710
1987,5,1,0,0,0,1,711
1999,30,0,3,5,0,1,712
1994,12,1,0,2,0,1,713
1993,28,2,0,7,0,1,714
1988,14,0,2,7,1,1,715
1997,26,0,4,5,0,1,716
1995,17,1,0,0,0,1,717
1996,3,0,0,0,0,1,710
2000,15,2,2,2,0,1,718
2001,0,0,0,0,0,1,719
2002,0,0,0,0,0,1,720
1999,16,0,0,5,0,1,721
1998,3,0,0,1,0,1,722
1996,28,0,1,3,1,1,723
1998,1,0,0,0,0,1,722
2002,20,2,0,4,0,1,724
2000,13,2,2,2,0,1,725
1998,13,0,1,3,0,1,726
1995,26,0,1,5,0,1,727
1985,23,0,1,6,0,1,728
2000,13,1,1,3,0,1,729
1992,13,0,1,2,0,1,730
1995,12,0,0,7,0,1,731
2005,30,2,0,5,0,1,732
1985,25,0,0,7,1,1,733
1996,24,0,1,8,1,1,734
2002,22,0,0,1,0,1,735
1999,16,1,0,1,0,1,736
1997,9,2,0,2,0,1,737
1997,19,2,0,2,0,1,737
2006,4,1,0,1,0,1,738
1995,23,2,2,0,0,1,739
2006,22,2,3,4,0,1,740
2002,37,1,0,5,0,1,741
1995,28,2,0,4,1,1,742
1998,24,3,4,6,0,1,743
1997,5,0,0,0,1,1,744
2002,6,0,0,2,0,1,745
1998,9,0,1,2,0,1,746
1994,1,1,0,1,0,1,747
2002,5,1,1,1,0,1,748
1995,13,0,0,1,1,1,749
2003,8,1,1,1,0,1,750
2004,1,0,0,0,0,1,751
2000,28,2,0,7,0,1,752
1998,23,2,3,4,1,1,753
2001,9,0,0,3,0,1,754
1990,3,0,0,0,0,1,755
1995,13,0,1,2,0,1,756
1995,21,2,1,1,0,1,757
2001,15,1,0,3,1,1,758
1989,31,2,0,5,0,1,759
1996,11,3,2,3,0,1,760
1996,24,4,0,13,2,1,761
2001,26,2,1,7,0,1,762
1993,14,0,0,5,0,1,763
1996,19,1,2,2,0,1,764
1991,14,1,2,7,0,1,765
2006,0,0,0,0,0,1,766
1988,26,3,1,1,0,1,767
2005,0,0,0,0,0,1,768
2000,1,0,0,0,0,1,769
1999,26,0,0,10,0,1,770
1999,14,1,5,3,0,1,771
1999,2,1,0,1,0,1,771
2002,2,0,0,0,0,1,772
1994,32,3,0,3,0,1,773
1987,31,4,0,5,0,1,774
1997,28,0,2,11,1,1,775
2000,16,0,1,3,0,1,776
1998,20,2,1,5,0,1,777
2005,11,0,0,1,0,1,778
1998,18,0,0,5,0,1,779
1996,19,1,1,3,0,1,780
1995,4,0,0,0,0,1,781
1999,29,2,0,11,1,1,782
1992,8,0,0,3,0,1,783
1993,21,1,3,3,0,1,784
1996,21,1,0,3,1,1,785
1997,18,2,0,2,0,1,786
1999,18,0,0,2,0,1,787
1997,29,1,1,1,0,1,788
1999,28,1,3,2,0,1,789
1992,21,2,1,5,0,1,790
2002,14,0,0,2,0,1,791
1992,14,0,0,2,0,1,792
1999,12,1,0,1,0,1,793
2000,10,0,2,3,0,1,794
1995,18,0,0,1,0,1,795
2001,18,0,1,4,0,1,796
1996,10,0,0,6,0,1,797
1992,18,1,1,4,0,1,798
2001,26,3,0,5,0,1,799
1995,4,0,0,1,0,1,800
1994,9,0,0,4,0,1,801
1995,5,0,0,2,0,1,802
2001,15,0,1,3,0,1,803
1995,21,2,1,2,0,1,804
1997,20,1,2,1,0,1,805
1996,1,0,0,0,0,1,806
1994,11,0,0,1,0,1,807
1989,16,0,2,4,0,1,808
1997,11,0,3,1,0,1,809
1992,9,0,2,2,0,1,810
2000,10,2,0,0,0,1,811
2000,25,0,1,5,1,1,812
1999,19,0,3,1,0,1,813
2000,4,1,0,1,0,1,814
2003,15,0,1,1,0,1,815
1997,1,0,0,1,0,1,816
1993,26,2,0,9,0,1,817
1998,3,0,0,2,1,1,818
1991,35,2,2,3,1,1,819
2001,18,3,1,6,1,1,820
1993,15,1,0,2,0,1,821
1998,22,1,0,4,0,1,822
1998,32,1,1,6,0,1,823
1992,32,0,1,4,0,1,824
1999,25,2,0,6,1,1,825
2003,8,1,0,1,0,1,826
1993,8,0,0,3,0,1,827
1993,11,0,1,4,0,1,828
1991,16,3,6,0,0,1,829
1997,1,0,0,1,0,1,830
1997,2,1,0,0,0,1,831
1994,27,1,1,5,0,1,832
2002,11,1,0,0,0,1,833
1999,22,1,2,6,0,1,834
2001,16,1,0,5,0,1,835
1995,13,0,0,2,0,1,836
2002,6,0,0,3,0,1,837
1994,29,3,7,5,0,1,838
1996,32,0,3,7,0,1,839
1989,22,0,1,4,0,1,840
1994,2,0,0,2,1,1,841
1998,17,1,0,5,0,1,842
1994,19,4,2,4,0,1,843
1997,33,4,4,8,0,1,844
1993,14,1,3,4,0,1,845
1997,11,0,1,5,1,1,831
1996,38,2,3,7,0,1,846
1997,13,0,1,2,0,1,847
2001,2,0,0,0,0,1,848
1997,20,0,2,4,0,1,849
2000,23,0,0,6,0,1,850
1999,26,0,2,1,0,1,851
1996,4,1,0,2,0,1,852
2000,11,1,1,4,0,1,853
2000,14,1,2,5,1,1,853
1999,32,0,0,6,0,1,854
1998,13,0,1,4,0,1,855
1999,30,1,6,3,0,1,856
1991,15,0,0,2,0,1,857
2003,2,0,2,0,0,1,858
1995,15,0,3,3,0,1,859
1992,18,1,0,0,0,1,860
1998,3,0,0,1,0,1,861
2005,0,0,0,0,0,1,862
1990,31,0,4,2,0,1,863
1991,15,0,0,5,0,1,857
1999,18,1,0,3,0,1,864
2002,0,0,0,0,0,1,865
1999,23,4,5,1,0,1,866
1996,1,0,0,1,0,1,867
2001,16,1,0,1,0,1,868
1996,8,0,1,2,0,1,867
1997,11,0,1,2,0,1,869
1993,29,0,0,2,0,1,870
1997,8,0,0,1,0,1,871
2003,28,1,3,3,0,1,872
1999,27,0,1,4,0,1,873
2000,21,0,1,3,2,1,874
2002,18,3,0,10,0,1,875
2001,38,2,1,4,0,1,876
1997,1,0,0,1,0,1,877
1998,22,2,0,5,0,1,878
1999,12,0,1,2,0,1,879
1993,34,0,1,10,1,1,880
1991,8,1,0,1,0,1,881
2002,25,1,4,4,0,1,882
2002,4,0,0,2,0,1,883
2001,24,1,1,5,1,1,884
1998,20,0,1,4,0,1,885
2000,10,0,0,1,0,1,886
2004,9,0,0,1,0,1,887
1999,12,2,0,5,0,1,888
2005,0,0,0,0,0,1,889
2004,2,0,0,1,0,1,890
1998,4,0,0,1,0,1,891
1999,31,1,2,11,0,1,892
1995,11,0,0,6,0,1,893
2003,18,2,0,9,0,1,894
1999,15,1,1,7,0,1,895
1998,30,0,0,9,1,1,896
2003,0,0,0,0,0,1,897
2005,0,1,0,0,0,1,898
1990,0,0,0,0,0,1,899
1997,25,4,5,13,0,1,900
2004,0,0,0,0,0,1,901
1996,3,0,0,2,0,1,902
1997,18,0,1,6,3,1,903
2000,20,0,5,3,0,1,904
1999,26,1,0,6,1,1,905
1995,27,2,0,5,0,1,906
1999,32,2,1,4,0,1,907
1991,15,0,0,0,0,1,908
1999,9,1,0,2,0,1,909
1995,29,1,3,3,0,1,910
1998,17,0,0,5,0,1,911
1991,10,1,0,2,0,1,912
2002,1,0,0,0,0,1,913
1995,18,0,1,2,0,1,914
1996,12,1,2,4,0,1,915
1992,23,3,4,2,1,1,916
2002,1,0,0,0,0,1,917
2000,26,3,0,8,0,1,918
1994,13,0,1,5,0,1,919
1997,24,2,2,8,0,1,920
1992,22,1,2,7,0,1,921
1993,0,0,0,0,0,1,922
1997,24,5,1,9,0,1,923
1991,20,0,0,3,0,1,924
1993,20,0,0,4,0,1,925
2002,15,1,1,8,0,1,926
1994,28,1,3,8,1,1,927
2003,20,1,1,2,0,1,928
2003,13,0,2,2,0,1,929
1991,34,4,1,5,0,1,930
1993,2,0,1,0,0,1,931
1988,7,0,0,0,0,1,932
1996,1,0,0,1,0,1,933
1992,17,1,1,3,0,1,934
2000,7,0,0,3,0,1,935
2002,0,0,0,1,0,1,913
2004,0,0,0,0,0,1,936
2004,1,0,0,0,0,1,937
1992,24,4,3,5,1,1,938
2001,30,1,1,3,0,1,939
2000,13,0,1,5,1,1,935
1995,15,0,1,0,0,1,940
1994,6,0,1,2,0,1,941
1996,22,2,2,4,0,1,942
1993,8,0,1,2,0,1,943
1992,1,0,0,0,0,1,944
2000,24,1,1,8,1,1,945
2002,5,0,0,1,0,1,946
1994,29,3,0,5,0,1,947
1998,13,1,1,6,1,1,948
1999,17,0,0,7,1,1,949
1993,30,1,0,7,0,1,950
2005,2,1,0,0,0,1,951
1994,28,2,4,7,0,1,952
1999,0,0,0,0,0,1,953
2002,0,0,0,0,0,1,954
1992,35,0,7,7,1,1,955
2005,0,0,0,0,0,1,956
1994,33,1,1,4,0,1,957
1990,0,0,1,0,0,1,958
1995,2,0,1,1,0,1,959
2001,11,0,2,3,0,1,960
1999,10,0,0,2,0,1,961
1996,22,0,0,2,1,1,962
1999,3,0,0,1,0,1,961
1992,18,0,1,3,0,1,963
2000,8,0,0,3,0,1,964
1991,29,0,5,10,0,1,965
1996,8,0,1,5,0,1,966
2000,21,0,1,6,0,1,967
1997,28,2,3,8,0,1,968
2004,0,0,0,0,0,1,969
1995,36,3,4,8,0,1,970
1994,13,2,0,2,0,1,971
2002,26,1,2,6,0,1,972
1995,4,0,0,0,1,1,973
1996,24,1,3,5,2,1,974
2002,26,2,5,4,0,1,975
2005,2,0,0,0,0,1,976
1994,0,0,0,0,0,1,977
1997,22,0,0,4,0,1,978
1991,24,1,1,7,1,1,979
1996,1,0,0,0,0,1,980
1995,10,0,1,1,0,1,981
2002,30,0,0,8,0,1,982
2004,0,0,0,0,0,1,983
1994,22,2,2,5,0,1,984
1997,7,0,5,0,0,1,985
1999,24,0,2,4,1,1,986
2002,27,0,4,3,0,1,987
1997,20,4,1,3,0,1,988
1984,28,3,1,4,0,1,989
1991,13,0,2,7,1,1,990
1993,27,0,1,5,0,1,991
2002,20,0,1,2,1,1,992
1999,11,1,0,1,0,1,993
2001,29,1,1,6,0,1,994
2000,24,2,3,8,0,1,995
2002,20,0,2,9,0,1,996
1991,18,0,0,7,1,1,997
1993,9,0,1,1,0,1,998
1993,12,0,1,2,0,1,999
1988,19,0,1,7,0,1,1000
2003,6,0,0,1,0,3,1001
1997,30,24,3,5,0,3,1002
1996,21,7,1,2,0,3,1003
1995,0,0,0,0,0,3,1004
1996,4,3,0,1,0,3,221
2003,7,1,0,1,0,3,1005
1992,0,0,0,0,0,3,1006
1997,6,2,1,0,0,3,1007
1998,1,1,0,0,0,3,1008
1999,22,9,6,2,0,3,1009
2005,1,1,0,1,0,3,1010
2003,10,0,2,0,0,3,1011
2003,15,4,1,2,0,3,1012
1998,29,12,8,2,0,3,1013
2003,2,0,0,0,0,3,349
1996,2,0,0,0,0,3,1014
2004,2,0,0,1,0,3,1015
1998,24,27,7,4,0,3,1016
1988,8,2,5,0,0,3,1017
1989,7,2,1,1,0,3,1018
2000,3,1,2,0,1,3,1019
1996,24,8,11,4,0,3,1020
1991,4,0,0,0,0,3,1021
1995,5,1,0,0,0,3,1022
2001,10,1,1,2,0,3,1023
2000,4,0,1,1,0,3,1024
2004,4,1,0,2,0,3,1025
1996,13,3,0,0,0,3,1026
2003,19,9,3,10,1,3,1027
2001,22,6,4,1,0,3,1028
1992,15,3,4,3,2,3,1029
1991,15,2,3,3,0,3,1030
2003,0,0,0,0,0,3,1027
2006,4,0,1,0,0,3,1031
2001,16,11,1,1,0,3,1032
2005,0,0,0,1,0,3,1033
2002,0,0,0,0,0,3,1034
2000,1,0,0,0,0,3,1035
1995,4,2,0,2,0,3,1036
1989,13,5,2,3,0,3,1037
1996,15,6,3,8,0,3,1038
1989,8,2,2,1,0,3,1039
1994,33,6,4,9,1,3,1040
2002,20,3,3,2,0,3,1041
2000,10,2,2,1,0,3,1035
1996,14,6,3,7,2,3,1042
1996,1,0,0,0,0,3,1038
2004,1,0,0,0,0,3,1043
2004,0,0,0,0,0,3,1044
2003,1,0,0,0,0,3,1011
2005,2,0,0,0,0,3,1045
1991,8,2,2,4,0,3,1046
2000,10,3,2,1,0,3,1047
1997,29,5,1,5,0,3,1048
1999,32,3,6,2,0,3,1049
1995,20,1,3,3,0,3,1050
2003,0,0,0,0,0,3,1051
1997,29,3,2,3,0,3,1052
2000,26,16,4,8,1,3,1053
1995,4,1,1,0,0,3,1054
2001,17,3,5,11,2,3,1055
1999,3,0,1,0,0,3,1056
1997,24,15,1,2,0,3,1057
1988,20,5,1,10,1,3,1058
1997,25,16,5,3,0,3,1059
2001,7,3,2,1,0,3,1060
1999,12,2,4,1,0,3,1061
2002,2,0,0,0,0,3,1062
2004,0,0,0,0,0,3,1063
2000,3,2,0,2,0,3,1047
1997,1,0,0,0,0,3,1064
1996,15,6,9,4,1,3,1065
1993,9,3,0,1,0,3,1066
2000,29,8,4,6,0,3,1067
1989,1,1,0,1,0,3,1068
2003,0,0,0,0,0,3,1069
1987,12,7,0,0,0,3,1070
1997,12,3,1,4,0,3,1071
1999,21,4,2,7,1,3,1072
1993,28,5,4,4,0,3,1073
1993,29,13,3,5,1,3,1074
1995,22,6,1,8,0,3,1075
1997,12,5,1,0,0,3,1076
1995,11,7,1,1,0,3,1077
1993,1,0,0,1,0,3,1066
1996,3,0,0,0,0,3,1078
2005,1,1,0,0,0,3,1079
2002,2,0,0,1,0,3,408
2001,32,16,9,4,0,3,1080
2005,11,2,0,3,0,3,1081
2002,12,5,2,2,0,3,1082
2002,5,0,1,3,0,3,1083
2000,3,0,0,0,0,3,1084
1997,15,5,2,5,0,3,1085
1995,10,3,0,2,0,3,1086
1997,8,1,0,3,0,3,1087
1999,16,5,2,5,0,3,1088
2007,24,5,5,3,0,3,1089
2002,22,4,5,5,0,3,1090
1997,17,11,4,3,0,3,1091
2003,14,1,2,1,0,3,1092
1999,9,2,0,7,0,3,1093
1990,13,5,1,2,0,3,1094
2005,2,1,0,0,0,3,1095
1998,0,0,0,0,0,3,1096
2004,1,0,0,1,0,3,1097
1997,23,0,2,6,0,3,1098
2002,3,1,0,1,0,3,1099
2000,12,4,4,2,0,3,1100
2005,4,2,0,4,1,3,1101
1991,0,0,0,0,0,3,1102
2001,31,11,4,8,0,3,1103
2002,16,2,4,3,1,3,1104
2002,7,3,1,3,0,3,1105
1997,18,5,1,5,0,3,1106
1999,25,6,6,3,1,3,1107
2004,3,0,0,0,0,3,1108
1997,21,11,7,4,0,3,1109
2000,2,0,0,0,1,3,1110
2002,30,3,6,2,0,3,1111
2001,2,0,0,1,0,3,1112
2001,18,6,2,5,0,3,1112
1989,9,2,1,0,0,3,1113
2003,16,8,0,2,0,3,1114
1998,11,2,1,9,0,3,1115
1991,1,1,0,0,0,3,1116
1991,32,12,4,2,0,3,1116
2000,12,0,0,0,0,3,1117
2001,26,10,5,2,0,3,1118
1999,26,12,6,7,0,3,1119
1997,3,0,0,1,0,3,1120
2000,1,0,0,0,0,3,1121
1993,16,6,2,4,0,3,1122
2003,2,1,0,1,0,3,1123
1997,20,3,2,6,0,3,1124
1994,32,12,3,4,0,3,1125
1994,2,0,0,1,0,3,1126
1998,8,1,0,1,0,3,1127
2006,0,0,0,0,0,3,1128
2000,15,6,1,4,0,3,1129
1995,6,2,3,1,0,3,1130
2000,18,5,3,0,0,3,1131
1996,2,2,0,0,0,3,1132
2001,3,1,1,0,0,3,1133
2002,12,2,2,3,0,3,1134
1996,9,2,3,1,0,3,1132
1987,0,0,0,1,0,3,1135
1996,1,0,0,0,0,3,1136
1997,25,7,2,2,0,3,1137
2005,1,0,0,0,0,3,1138
1993,3,0,0,1,0,3,1139
1995,3,1,0,0,1,3,1140
1992,22,7,3,4,0,3,1141
1993,13,2,0,4,2,3,1142
1996,24,5,0,2,0,3,1143
1995,36,19,13,4,0,3,1144
2006,1,0,1,0,0,3,1145
2002,0,0,0,0,0,3,1146
1990,19,5,1,4,0,3,1147
2001,6,4,1,3,0,3,1148
2002,25,5,11,6,1,3,1149
1988,23,4,2,1,0,3,1150
2003,0,0,0,0,0,3,1151
1996,2,0,0,0,0,3,1152
1992,28,18,10,2,0,3,1153
1999,21,1,3,4,0,3,1154
1994,5,1,1,2,0,3,1155
1991,20,14,1,0,0,3,1156
1998,23,5,5,5,0,3,1157
1998,5,0,0,0,0,3,1158
2005,0,0,0,0,0,3,1159
1999,7,2,3,1,0,3,1160
2002,13,2,0,1,0,3,1161
2000,4,0,0,0,0,3,1162
1999,25,7,2,5,0,3,1163
2001,4,4,1,0,0,3,1164
2002,3,0,0,1,0,3,1165
1999,20,13,1,5,0,3,1166
2005,0,0,0,0,0,3,1167
2002,3,0,1,0,0,3,1165
1999,0,0,0,0,0,3,1168
1996,28,12,3,7,0,3,1169
1989,18,6,8,2,0,3,1170
1999,30,11,7,3,0,3,1171
2001,6,2,0,3,1,3,1172
1988,2,0,0,0,0,3,1173
1997,18,4,6,6,0,3,1174
1992,11,9,1,3,0,3,1175
2001,3,0,0,1,0,3,1164
1997,12,0,0,2,0,3,1176
2003,9,0,0,4,0,3,1177
1992,19,4,7,5,0,3,1178
2000,3,0,0,2,0,3,1179
2000,16,6,2,4,0,3,1180
2000,4,1,0,2,0,3,1180
2005,2,0,1,0,0,3,1181
1988,7,4,1,4,0,3,1182
1994,8,6,1,1,0,3,1183
2003,17,14,2,0,0,3,1184
1994,0,0,0,0,0,3,1185
1997,16,4,3,2,0,3,1186
2000,11,3,0,1,0,3,1187
2000,11,6,2,1,0,3,1188
1999,12,5,2,3,0,3,1189
1996,7,1,0,1,0,3,1190
1997,5,3,0,0,0,3,1191
1998,0,1,0,0,0,3,1192
1997,6,2,0,0,0,3,1193
1998,14,5,3,1,1,3,1194
2004,5,5,0,1,0,3,1195
1999,15,5,4,2,0,3,1196
1997,6,1,1,3,0,3,1197
1993,17,1,4,5,1,3,1198
2002,23,3,5,7,0,3,1199
2003,20,3,2,4,0,3,1200
1995,10,3,3,1,0,3,1201
1996,10,1,1,4,0,3,1202
1999,23,11,8,9,0,3,1203
2003,5,0,1,0,0,3,1204
2000,2,0,0,0,1,3,1179
2004,0,0,0,0,0,3,1205
2000,17,2,9,4,0,3,1206
2000,23,8,2,6,0,3,1207
2001,2,0,1,0,0,3,1208
2001,1,0,0,0,0,3,1209
2002,0,0,0,0,0,3,1210
1999,24,3,4,3,0,3,1211
2000,15,5,2,1,0,3,1212
2004,0,0,0,0,0,3,1213
2004,5,3,0,2,0,3,1097
2003,1,0,0,1,0,3,1214
2000,15,4,1,1,0,3,1215
1995,14,6,0,3,0,3,1216
2001,8,1,1,3,0,3,1217
2005,0,0,0,1,0,3,1218
1996,0,0,0,0,0,3,1219
1994,2,0,0,0,0,3,1220
1996,16,5,3,2,0,3,1219
2005,0,0,0,0,0,3,1221
2002,2,0,0,0,0,3,1222
2000,18,3,3,0,1,3,1223
2001,6,0,0,4,2,3,1224
2003,0,0,0,0,0,3,1225
2000,20,1,1,4,0,3,1226
1987,9,1,1,4,0,3,1227
2002,16,4,2,3,0,3,1228
2005,0,0,0,0,0,3,1229
1985,1,0,0,0,0,3,1230
1997,21,5,2,0,0,3,1231
1999,3,0,0,1,0,3,1232
1995,28,23,6,3,0,3,1233
2002,21,1,1,0,1,3,1234
1986,9,9,3,6,0,3,1235
1997,12,1,0,4,0,3,1236
2007,0,0,0,0,0,3,1237
2005,0,0,0,0,0,3,1238
2001,1,0,0,2,1,3,1239
2001,14,10,6,0,0,3,1240
1995,20,3,5,0,0,3,1241
1998,0,0,0,0,0,3,1242
1997,37,19,3,3,0,3,1243
2002,29,22,11,7,0,3,1244
1999,14,0,3,2,0,3,674
1994,31,4,1,8,0,3,1245
1999,8,2,2,0,0,3,1246
1992,18,0,1,8,1,3,1247
2004,21,8,1,6,0,3,1248
1994,7,3,1,3,0,3,1249
1999,2,0,2,1,0,3,1250
2004,1,1,0,0,0,3,1248
1992,17,1,3,1,0,3,1251
2000,30,24,7,4,0,3,1252
2002,0,0,0,0,0,3,1253
2002,5,1,0,2,0,3,1254
2005,1,0,0,0,0,3,1255
1995,7,0,1,1,0,3,1256
2002,12,2,1,1,0,3,1257
1997,20,10,2,2,0,3,1258
2002,1,0,0,0,0,3,1259
1997,24,9,3,3,0,3,1260
2005,0,0,0,0,0,3,1261
1996,5,1,0,0,0,3,1262
1998,22,15,3,6,1,3,1263
2006,0,0,0,0,0,3,1264
2003,16,1,1,3,0,3,1265
2002,2,0,0,0,0,3,1266
2002,7,1,2,1,0,3,1267
1992,8,3,0,0,0,3,1268
2000,32,13,3,5,0,3,1269
2003,0,0,0,0,0,3,1270
2005,2,0,1,1,0,3,1271
2000,2,0,0,1,0,3,1272
2000,1,0,0,0,0,3,1273
1996,17,3,3,2,0,3,1274
1994,22,8,4,7,0,3,1275
1995,8,3,0,1,0,3,1276
2005,1,0,0,1,0,3,1277
1994,29,6,9,8,0,3,1278
2000,0,0,0,0,0,3,1279
2005,0,0,0,0,0,3,1280
1997,3,0,0,0,0,3,1281
1999,3,1,0,2,0,3,1282
1999,5,2,0,1,0,3,1283
2002,3,0,0,2,0,3,1284
2003,16,3,0,4,0,3,1285
2004,23,3,2,3,0,3,1286
2002,0,0,0,0,0,3,1287
1997,29,4,6,10,0,3,1288
1995,9,1,0,3,0,3,1289
2000,3,0,0,0,0,3,1290
2003,35,11,3,4,0,3,1291
2000,10,6,2,1,0,3,1292
1999,12,2,3,1,0,3,1293
1990,29,7,6,4,1,3,1294
2004,0,0,0,0,0,3,1295
1994,32,4,3,8,0,3,1296
2004,0,0,0,0,0,3,1297
2003,23,4,3,4,0,3,1298
2003,0,1,0,0,0,3,1299
1991,5,0,1,0,0,3,1300
2003,3,1,0,0,0,3,1301
1993,26,8,7,2,1,3,1302
1993,21,7,4,1,0,3,1303
2002,5,0,0,4,0,3,1304
1999,34,11,1,4,0,3,1305
1997,23,8,7,0,0,3,1306
1997,4,2,0,1,0,3,1307
1995,13,3,5,1,0,3,1308
2001,2,0,2,0,0,3,1309
1999,17,3,3,5,0,3,1310
1994,18,12,1,2,0,3,1311
1997,16,3,4,4,0,3,1312
2005,0,0,0,0,0,3,1313
1994,0,0,0,0,0,3,1314
1999,5,0,0,0,0,3,1315
1999,16,12,6,1,0,3,1316
1988,15,0,0,4,1,3,1317
2004,0,0,0,0,0,3,1318
1995,4,0,1,2,0,3,1319
1999,22,11,2,4,0,3,1320
1997,22,8,2,3,1,3,1321
2001,7,3,1,0,0,3,1322
2001,15,5,0,5,0,3,1323
2004,0,1,0,0,0,3,1324
1996,4,2,3,2,0,3,1325
1991,13,1,3,1,0,3,1326
2001,0,0,0,0,0,3,1323
2002,4,0,0,0,0,3,472
2003,20,3,3,1,0,3,1327
2002,25,5,4,5,0,3,1328
1997,2,0,1,0,0,3,1329
1994,10,5,1,2,0,3,1330
2003,0,0,0,0,0,3,1331
2003,1,1,0,1,0,3,1331
2002,0,0,0,0,0,3,1332
1997,27,5,6,7,0,3,1333
1992,8,0,2,3,1,3,1334
2001,1,0,0,0,0,3,1335
2001,4,0,0,0,0,3,1335
1998,16,3,4,1,0,3,1336
2005,0,0,0,0,0,3,1337
1992,14,6,1,4,0,3,1338
1998,22,4,5,3,0,3,1339
1994,14,5,2,0,0,3,1340
1997,4,2,2,1,0,3,1329
1996,21,1,2,2,0,3,1341
1992,13,7,5,3,0,3,1342
1992,1,0,0,1,0,3,1342
1995,27,11,1,3,0,3,1343
1991,4,0,1,2,0,3,1344
2004,10,0,1,2,0,3,1345
1994,1,0,0,1,0,3,1346
2005,0,0,0,0,0,3,1347
1990,6,2,1,2,0,3,1348
1999,1,0,0,0,0,3,1349
2000,19,13,4,0,1,3,1350
1996,20,3,2,3,0,3,1351
1994,10,4,1,2,1,3,1352
1996,23,18,10,5,0,3,1353
2001,21,4,4,4,0,3,1354
1994,12,1,1,3,0,3,1355
2001,4,2,1,0,0,3,1356
1991,23,4,4,4,0,3,1357
1997,9,1,0,7,0,3,1358
2002,23,1,4,4,0,3,1359
1993,19,5,3,4,0,3,1360
1999,6,1,0,2,0,3,1361
1993,26,9,1,4,0,3,1362
2004,1,0,0,0,0,3,1363
2001,18,5,2,5,0,3,1364
1997,3,0,0,2,0,3,1365
1991,21,4,3,6,0,3,1366
2000,5,0,0,1,0,3,1367
1997,17,7,3,2,1,3,1368
1996,13,3,2,3,0,3,1369
2003,4,2,0,0,0,3,1370
1994,20,6,2,2,1,3,1371
1989,18,5,9,0,0,3,1372
1990,0,0,0,0,0,3,1373
1992,7,2,0,1,0,3,1374
1996,3,0,0,2,0,3,1375
2001,18,9,1,1,0,3,1376
2005,12,7,5,2,0,3,1377
2004,0,0,0,0,0,3,1378
2000,6,3,1,2,1,3,1379
1991,4,2,1,0,0,3,1380
1994,26,7,2,5,0,3,1381
2002,16,0,2,5,0,3,1382
2003,20,10,5,2,0,3,1383
2001,14,2,1,2,1,3,1208
1998,1,0,0,0,0,3,1384
2001,3,0,0,0,0,3,1385
2000,14,7,2,2,0,3,1386
2004,7,5,0,1,0,3,1387
1996,7,3,0,0,0,3,1388
2002,0,0,0,0,0,3,1389
1994,4,1,0,2,0,3,1390
1996,12,7,0,1,0,3,1391
2003,8,0,2,1,0,3,1392
1996,16,4,2,5,0,3,1393
1994,2,0,1,0,0,3,1394
1996,18,1,4,3,0,3,1395
2002,12,1,1,3,0,3,1396
1994,14,1,2,5,0,3,1397
1992,1,1,0,0,0,3,1398
1992,21,15,3,4,1,3,1399
2004,3,0,0,1,0,3,1400
1992,15,2,2,1,0,3,1401
1992,5,0,0,0,0,3,1402
1999,2,0,0,0,0,3,1403
1995,11,1,1,2,0,3,1404
1992,25,10,6,0,0,3,1405
2000,29,4,6,5,0,3,1406
1998,8,3,0,0,0,3,1407
1997,26,8,4,1,0,3,1408
1997,18,2,6,3,0,3,1409
1999,15,3,1,4,0,3,1410
2003,7,0,2,5,1,3,1411
1995,32,11,4,4,0,3,1412
1997,30,13,7,3,0,3,1413
1989,1,0,1,2,0,3,1414
1998,23,4,3,3,0,3,1415
2005,0,0,0,0,0,3,1416
1999,2,0,0,0,0,3,1417
2004,33,9,10,5,0,3,1418
1998,15,5,1,4,0,3,1419
2005,13,2,3,2,0,3,1420
2001,16,4,1,1,0,3,1421
2002,0,0,0,1,0,3,1422
2005,2,0,0,0,0,3,1423
1996,0,0,0,0,0,3,1424
1999,24,6,8,1,0,3,1425
1995,11,3,1,6,0,3,1426
1996,13,4,0,1,0,3,1427
2001,30,8,6,6,1,3,1428
1994,19,7,4,2,0,3,1429
1991,29,16,6,5,0,3,1430
1993,26,8,8,3,0,3,1431
2004,18,4,3,5,0,3,1432
1994,0,1,0,0,0,3,1433
1996,34,16,6,2,0,3,1434
2003,18,5,1,4,0,3,1435
1991,6,1,1,1,0,3,1436
1996,11,3,2,0,0,3,1437
1997,9,5,3,2,0,3,1438
1998,4,1,0,2,0,3,1439
1997,3,0,0,3,0,3,1440
1996,28,6,3,8,1,3,1441
2001,17,6,0,1,0,3,1442
2000,0,0,0,0,0,3,1443
2002,15,4,7,3,1,3,1444
1998,6,2,0,1,0,3,1445
2002,3,0,0,1,0,3,1444
1994,9,2,3,2,0,3,1446
1996,24,28,3,0,0,3,1447
2006,1,1,0,1,0,3,1448
2000,2,0,0,1,1,3,1443
1991,4,0,0,2,0,3,1449
2002,4,1,1,1,0,3,1450
1996,7,1,1,4,2,3,1451
2003,0,0,0,0,0,3,1452
1995,5,3,1,0,0,3,1453
1996,24,6,6,8,1,3,1454
1998,1,0,0,0,0,3,1455
1993,6,1,0,4,0,3,1456
1997,4,0,0,1,0,3,648
1996,2,1,0,0,0,3,1457
1995,7,0,1,0,0,3,1458
1996,13,0,0,2,0,3,1459
1994,22,3,0,3,0,3,1460
1988,0,0,0,0,0,3,1461
2000,1,0,1,0,0,3,1462
1995,9,2,2,1,0,3,1458
1997,11,1,1,1,0,3,1463
2000,6,4,1,3,0,3,1464
2005,0,0,0,0,0,3,1465
2004,2,0,0,0,0,3,1466
1990,2,2,0,1,0,3,1467
2001,1,0,0,0,0,3,1468
2000,23,7,3,2,0,3,1469
2005,12,2,0,4,0,3,1470
2004,26,3,1,3,0,3,1471
1998,10,1,1,1,0,3,1472
1994,27,9,6,1,0,3,1473
1998,32,15,9,7,0,3,1474
1999,17,8,6,0,0,3,1475
2001,32,11,10,12,1,3,1476
1997,29,8,5,3,0,3,1477
1998,21,12,2,1,0,3,1478
1992,1,0,1,1,0,3,1479
1999,13,5,1,3,0,3,1480
2003,1,0,1,0,0,3,1481
2004,0,0,0,0,0,3,1482
1998,8,0,0,1,0,3,1483
1997,17,3,8,0,0,3,1484
2003,0,0,0,0,0,3,1485
1997,23,10,9,5,0,3,1486
1991,2,1,0,1,0,3,1487
2000,29,19,4,4,0,3,1488
2002,8,1,0,0,0,3,1489
2002,10,4,1,1,0,3,1489
1998,6,1,1,2,0,3,1490
1992,33,17,10,1,0,3,1491
2002,5,2,3,1,0,3,1492
2000,2,0,0,0,0,3,1493
1993,18,4,2,1,0,3,1494
1995,6,1,0,1,0,3,1495
1997,2,1,0,0,0,3,1496
2002,18,4,5,0,0,3,1497
2001,29,2,14,11,1,3,1498
2001,14,5,0,2,0,3,1499
1995,4,0,0,1,0,3,1500
1999,12,6,1,3,0,3,1501
2003,24,10,2,2,0,3,1502
1995,6,3,0,4,0,3,1503
2006,0,0,0,0,0,3,1504
2000,28,14,2,6,0,3,1505
2000,4,0,0,0,1,3,1506
2000,21,8,1,0,0,3,1507
1994,4,3,0,2,2,3,1508
2000,0,0,0,0,0,3,1509
2006,0,0,0,1,0,3,1510
2000,4,1,0,0,0,3,1511
1999,2,0,0,1,0,3,1512
2000,2,0,0,0,0,3,1513
1996,11,1,1,1,0,3,1514
1999,3,0,0,2,0,3,1501
1997,7,1,0,0,0,3,1515
2001,29,10,5,8,0,3,1516
1998,2,1,0,2,0,3,1517
1999,15,2,2,0,0,3,1518
2005,4,6,0,1,0,3,1519
1992,20,6,0,6,1,3,1520
2001,1,0,1,2,0,3,1521
2002,1,0,0,1,0,3,1522
2001,15,2,4,5,1,3,1523
1996,25,14,5,2,0,3,1524
1997,34,14,4,4,0,3,1525
2004,0,0,0,0,0,3,1526
1996,25,7,11,2,0,3,1527
2001,13,8,3,3,0,3,1528
1996,22,3,2,0,0,3,1529
2000,28,27,5,1,0,3,1530
1996,28,8,8,4,0,3,1531
1998,15,10,2,2,0,3,1532
2004,0,0,0,0,0,3,1533
1995,27,3,2,3,0,3,1534
1998,9,0,2,3,0,3,1535
1991,2,0,0,1,0,3,1536
1998,7,1,0,0,0,3,1537
2001,22,10,8,1,0,3,1538
1996,24,12,3,6,0,3,1539
1999,29,13,7,11,0,3,1540
1998,11,3,3,2,0,3,1541
2001,7,0,3,1,0,3,1542
2002,24,3,6,4,1,3,1543
1996,25,3,3,1,0,3,1544
2003,6,0,0,2,0,3,1545
1997,20,1,2,5,0,3,1546
1991,8,1,2,0,0,3,1547
1994,4,0,1,2,0,3,1548
2001,19,7,5,1,0,3,1549
2003,8,2,0,1,0,3,1545
2004,12,1,4,1,0,3,1550
2001,3,0,0,0,0,3,1551
1986,26,15,8,1,1,3,1552
1998,11,3,0,2,0,3,1553
1999,29,8,11,4,0,3,1554
1998,17,7,0,4,0,3,1555
1996,4,2,1,3,0,3,1556
1995,18,1,1,6,0,3,1557
1999,6,2,0,1,0,3,1558
2005,0,0,0,0,0,3,1559
1998,1,0,0,0,0,3,1560
1998,2,0,0,0,0,3,1560
2003,3,1,1,0,0,3,1561
2003,2,0,0,0,0,3,1562
2004,0,1,0,0,0,3,1563
2004,1,1,0,0,0,3,1564
2005,0,0,0,0,0,3,1565
1998,18,0,1,8,0,3,1566
1993,22,13,9,3,0,3,1567
1990,13,1,3,2,0,3,1568
1994,16,9,3,6,0,3,1569
1996,13,3,2,2,0,3,1570
1996,5,0,0,0,0,3,1570
2003,0,0,0,0,0,3,1571
1998,31,5,1,5,0,3,1572
1995,18,7,3,4,0,3,1573
1994,35,10,8,9,0,3,1574
2005,6,3,0,0,0,3,1575
2000,32,19,8,2,0,3,1576
2004,1,0,0,1,0,3,1577
2003,5,5,0,5,0,3,1578
2006,0,0,0,0,0,3,1579
1997,22,6,6,1,0,3,1580
1999,33,13,2,4,0,3,1581
1994,30,12,9,9,0,3,1582
2002,6,2,0,2,0,3,1583
2001,1,1,0,0,0,3,1584
1999,17,7,3,3,0,3,1585
2003,23,8,1,3,0,3,1586
1997,17,4,1,3,0,3,1587
1999,3,0,0,0,0,3,1588
1997,29,16,2,4,0,3,1589
2004,5,0,2,2,0,3,1590
1999,4,2,0,2,0,3,1588
2003,15,3,6,2,0,3,1591
2005,2,0,2,0,0,3,1592
1999,8,1,0,1,0,3,1593
2002,27,5,9,1,0,3,1594
1996,3,0,0,0,0,3,1595
2004,0,0,0,0,0,3,1596
1998,23,11,4,3,0,3,1597
2001,1,0,0,0,0,3,1598
2001,10,1,0,1,0,3,1598
2003,12,5,2,4,0,3,1599
1994,13,4,1,0,0,3,1600
1993,12,1,2,1,0,3,1601
2002,7,0,0,1,0,3,1602
2002,0,0,0,0,0,3,1603
1998,1,0,0,0,0,3,1553
2004,11,3,0,2,0,3,1604
2002,1,0,0,0,0,3,1605
2004,15,6,0,1,0,3,1606
2002,6,2,0,2,0,3,1605
2002,0,0,0,0,0,3,1607
2006,1,0,0,0,0,3,1608
1996,3,0,0,1,0,3,1609
1998,16,5,1,1,0,3,1610
1998,0,0,0,1,0,3,1610
2001,4,2,0,2,0,3,1611
2002,8,4,2,3,0,3,1603
2001,5,1,0,0,0,3,1612
1991,5,2,1,0,0,3,1613
1994,7,3,1,0,1,3,1614
2000,0,0,0,0,0,3,1615
1998,17,2,2,4,0,3,1616
2004,0,0,0,0,0,3,1617
1999,2,0,0,0,0,3,1618
2000,4,0,0,1,0,3,1619
1992,28,6,1,8,1,3,1620
1993,2,0,0,0,0,3,1621
1996,6,2,0,1,0,3,1622
2004,0,0,0,0,0,3,1623
2004,0,0,0,0,0,3,1624
1986,5,1,0,3,0,3,1625
1993,17,3,2,1,0,3,1626
2001,0,0,0,0,0,3,1627
2004,28,7,4,4,0,3,1628
2002,1,1,0,0,0,3,1629
2002,27,16,1,0,0,3,1630
2002,18,3,8,3,0,3,1629
2000,6,0,0,0,0,3,1631
2006,0,0,0,1,0,3,1632
2001,2,0,0,0,0,3,1633
2000,35,5,10,9,0,3,1634
2002,2,0,0,1,0,3,1635
1999,5,0,0,0,0,3,1636
2005,0,0,0,1,0,3,1637
1991,7,1,1,1,0,3,1638
2000,8,1,2,1,0,3,1639
2004,2,0,0,0,0,3,1640
2001,13,3,2,1,0,3,1641
1991,14,4,0,3,0,3,1638
2005,0,0,0,0,0,3,1642
2004,10,1,1,5,0,3,1643
2000,1,0,0,0,0,3,1644
2004,2,2,0,0,0,3,1645
1987,15,4,2,0,0,3,1646
1998,3,2,2,2,0,3,1647
2004,1,0,1,0,0,3,1648
1997,29,24,8,2,0,3,1649
1995,9,3,3,2,0,3,1650
1995,4,0,0,1,0,3,1651
2000,21,5,3,0,1,3,1652
2004,3,0,1,1,0,3,1653
1995,7,0,1,1,0,3,1650
1999,10,7,1,2,0,3,1654
2005,2,0,0,1,0,3,1655
1997,11,3,1,2,0,3,1656
1990,26,16,2,2,0,3,1657
2003,1,0,0,0,0,3,1658
2005,18,4,4,3,0,3,1659
2000,17,14,8,2,0,3,1660
1997,17,2,0,1,0,3,1661
2002,5,1,3,2,0,3,1662
1998,28,8,7,2,0,3,1663
1995,11,4,0,0,0,3,1664
1999,18,8,5,1,0,3,1665
2004,0,0,0,0,0,3,1666
2000,8,4,1,1,1,3,1667
1993,29,7,1,7,0,3,1668
1993,10,3,0,0,0,3,1669
1998,11,2,1,0,1,3,1647
2004,12,0,3,1,0,3,1670
2005,0,0,0,0,0,3,1671
1993,25,12,8,1,0,3,1672
1993,2,0,0,0,0,3,1672
2001,19,6,2,6,0,3,1673
2005,5,2,1,0,1,3,1674
2004,0,0,0,0,0,3,1675
1993,8,3,2,1,0,3,1669
2005,0,0,1,1,0,3,1676
1994,26,7,2,7,0,3,1677
1993,4,0,1,2,0,3,1678
1998,14,6,5,1,0,3,1679
1999,11,1,3,1,0,3,1680
2003,2,1,1,2,0,3,1681
1998,2,1,0,0,0,3,1679
1999,11,4,1,1,0,3,1682
2001,14,4,0,4,0,3,1683
1999,3,0,0,0,0,3,1684
2004,10,1,2,2,0,3,1685
1999,0,0,0,0,0,3,1684
2004,3,0,0,0,0,3,1685
2006,1,0,1,0,0,3,1686
1997,24,7,2,2,0,3,1687
1999,22,4,0,4,0,3,1688
1997,12,2,1,0,0,3,1689
2004,11,1,1,0,0,3,1690
2008,0,0,0,0,0,3,1691
2006,2,0,0,0,0,3,1692
2003,2,0,0,1,0,3,1693
1997,24,9,2,1,0,3,1694
2002,1,0,0,0,0,3,1695
2004,2,0,0,3,0,3,1696
2003,19,1,6,0,0,3,1697
1997,4,0,0,0,0,3,1698
1998,24,7,1,0,0,3,1699
2003,1,0,0,2,0,3,1700
2000,28,8,4,4,0,3,1701
1991,24,15,6,4,0,3,1702
2002,18,7,4,5,0,3,1703
2001,18,3,1,3,0,3,1704
2004,17,2,2,4,0,3,1705
2000,28,1,1,3,0,3,1706
1999,4,1,0,1,0,3,1707
2000,11,2,1,0,0,3,1708
2006,0,0,0,0,0,3,1709
2002,2,1,0,2,0,3,1710
2004,0,0,1,0,0,3,1711
2003,0,0,0,0,0,3,1712
2000,22,5,1,2,0,3,1713
1996,0,0,0,0,0,3,1714
1998,4,0,0,0,0,3,1715
2002,0,0,0,0,0,3,1716
2003,0,0,0,0,0,3,1717
1996,4,0,0,2,0,3,1718
1996,12,3,3,1,0,3,1719
1998,10,5,2,0,0,3,1720
2001,5,1,0,0,0,3,1721
2000,7,0,0,2,0,3,1722
1996,7,0,1,5,1,3,1723
2004,10,2,1,1,0,3,1724
1999,30,8,4,1,0,3,1725
1991,28,4,7,9,1,3,1726
1994,22,3,1,2,0,3,1727
1987,9,0,1,2,0,3,1728
1999,23,2,1,5,0,3,1729
2003,3,1,1,1,0,3,1730
1999,21,7,1,5,0,3,1731
1995,32,12,3,6,0,3,1732
2001,0,0,0,0,0,3,1733
1989,16,3,2,3,0,3,1734
1991,13,1,0,6,0,3,1735
2001,15,1,3,1,0,3,1736
2000,29,11,8,2,0,3,1737
1990,16,2,2,0,0,3,1738
2005,0,0,0,0,0,3,1739
1999,0,0,0,0,0,3,1740
1998,8,1,0,1,0,3,1741
1998,3,1,0,1,0,3,1742
1994,15,2,0,4,0,3,1743
1998,10,2,0,0,1,3,1744
1998,5,0,0,2,0,3,1745
2001,17,2,0,7,1,3,1746
2002,0,0,0,0,0,3,1747
1998,32,5,4,5,0,3,1748
1998,16,10,0,1,0,3,1749
1997,14,1,2,1,0,3,1750
1993,9,1,2,2,0,3,1751
2001,1,0,0,0,0,3,1752
1994,0,0,0,0,0,3,1753
2002,3,0,0,0,0,3,1754
1990,21,3,2,0,1,3,1755
1998,18,4,0,3,0,3,1756
2000,25,8,1,2,0,3,1757
1999,28,9,9,5,0,3,1758
1995,20,3,2,8,0,3,1759
2002,6,0,1,1,1,3,1760
1999,1,0,1,0,0,3,1761
1997,3,1,0,1,0,3,1762
2003,1,0,0,0,0,3,1763
1993,3,0,0,0,0,3,1764
2000,8,3,0,2,0,3,1765
2003,12,5,0,1,0,3,1766
2003,5,0,0,1,0,3,1767
2006,0,0,0,0,0,3,1768
1987,14,3,0,0,0,3,1769
1988,31,19,8,5,0,3,1770
2001,17,4,4,3,0,3,1771
1995,8,4,1,4,0,3,1772
2000,14,2,2,3,1,3,1773
2000,5,0,0,2,0,3,1644
2002,4,0,0,0,0,3,1760
1990,13,3,1,3,0,3,1774
1998,19,4,3,2,0,3,1775
1996,6,1,0,1,0,3,1776
2002,4,0,0,4,1,3,1777
2001,24,7,4,1,0,3,1778
2002,21,2,4,2,0,3,1779
2000,28,8,6,6,0,3,1780
2002,1,0,1,1,0,3,1779
2003,0,0,0,0,0,3,1781
1996,6,1,0,2,0,3,1782
2000,31,8,3,7,0,3,1783
2004,0,0,0,0,0,3,1784
1997,10,4,1,2,0,3,1785
2001,2,0,0,0,0,3,1786
1996,7,0,2,2,0,3,1787
2000,3,0,0,0,0,3,1788
2001,30,11,6,8,0,3,1789
1993,9,1,1,1,0,3,1790
2002,20,4,3,7,0,3,1791
1998,3,0,1,1,1,3,1792
1990,14,4,1,2,0,3,1094
1992,5,2,0,3,0,3,1793
2006,0,0,0,0,0,3,1794
1988,9,0,1,2,0,3,1795
2002,10,3,1,6,1,3,1796
1995,6,0,0,2,0,3,1797
2000,26,7,1,4,1,3,1798
2002,25,6,1,3,0,3,1799
1994,21,5,2,2,0,3,1800
1987,31,6,6,5,0,3,1801
2000,10,4,6,5,0,3,1802
2004,3,1,1,1,0,3,1803
1997,4,1,2,0,0,3,1804
1995,11,2,1,1,0,3,1805
1991,26,19,2,3,1,3,1806
2004,0,0,0,0,0,3,1807
2002,15,4,1,3,0,3,1808
1997,0,0,0,0,0,3,1809
1997,10,6,0,3,0,3,1810
2001,23,9,4,1,0,3,1811
2004,0,0,0,0,0,3,1812
2003,0,0,0,0,0,3,1813
1999,3,1,1,0,0,3,1814
1997,15,2,4,1,0,3,1815
1989,9,5,3,0,0,3,1816
1997,16,4,5,6,0,3,1817
1991,16,7,0,3,1,3,1818
2001,23,9,3,2,0,3,1819
1996,14,2,1,6,0,3,1820
2003,14,2,0,5,0,3,1821
2001,23,5,10,3,0,3,1822
2001,3,0,0,0,0,3,1822
1994,22,6,1,2,0,3,1823
1995,10,2,1,3,0,3,1824
2002,4,0,0,1,0,3,1825
1992,0,0,0,0,0,3,1826
1998,2,0,0,0,0,3,1742
2003,0,0,0,0,0,3,1827
2002,9,3,0,2,0,3,1828
2001,7,1,0,2,0,3,1829
1991,22,10,5,0,1,3,1830
1990,19,10,2,1,0,3,1831
1996,13,10,3,3,1,3,1832
2000,14,2,3,4,0,3,1833
2003,9,0,2,1,0,3,1834
1997,10,6,1,2,1,3,1835
1998,11,2,0,4,0,3,1836
2001,20,4,1,1,0,3,1837
1997,3,1,1,1,0,3,1838
2006,0,0,0,0,0,3,1839
1995,2,0,0,0,0,3,1840
1996,12,4,5,0,0,3,1841
1993,3,0,0,0,0,3,1678
1998,19,3,1,5,0,3,1842
2001,12,1,1,2,0,3,1843
2000,0,0,0,0,0,3,1844
2000,10,4,1,4,0,3,1845
1989,12,5,0,2,1,3,1846
2001,6,1,0,0,0,3,1847
2004,0,0,0,0,0,3,1848
1997,12,6,3,2,0,3,1849
1990,18,7,1,8,0,3,1850
1994,3,1,0,4,1,3,1851
1992,4,1,0,1,0,3,1852
1994,10,1,3,3,2,3,1851
1999,27,12,7,9,0,3,1853
1999,25,21,2,1,0,3,1854
2001,12,3,1,3,0,3,1855
1989,29,17,8,4,0,3,1856
1996,10,1,2,0,0,3,1857
1998,10,3,2,1,0,3,1858
2001,1,0,1,0,0,3,1612
1999,9,2,1,2,0,3,1859
1997,2,0,0,1,0,3,1860
2006,0,0,0,0,0,3,1861
1993,10,3,1,3,0,3,1862
1992,24,6,3,6,0,3,1863
2001,31,14,5,10,0,3,1864
1996,24,5,2,2,0,3,1865
1999,1,0,0,0,0,3,1866
2003,10,1,2,0,0,3,1867
1993,30,3,7,2,0,3,1868
2000,1,0,0,0,0,3,1866
1987,30,9,10,6,1,3,1869
2006,12,5,3,1,0,3,1870
2001,3,0,0,2,0,3,1871
1992,28,3,2,5,0,3,1872
1993,31,5,6,3,0,3,1873
2004,0,0,0,0,0,3,1874
2002,5,0,2,0,0,3,1875
2004,1,0,0,0,0,3,1876
1996,3,0,0,0,0,3,1877
1995,17,9,2,3,0,3,1878
1995,2,0,0,0,0,3,1879
2004,15,3,1,7,0,3,1880
1999,2,0,0,1,0,3,1881
1994,7,2,1,2,0,3,1882
1996,9,1,0,1,0,3,1877
1992,24,5,4,4,0,3,1883
2002,24,10,1,6,0,3,1884
2003,0,1,1,0,0,3,1885
1997,2,2,0,0,0,3,1886
1994,5,0,0,2,0,3,1887
1990,19,6,2,6,0,3,1888
1994,14,2,2,5,0,3,1889
1997,4,0,1,0,0,3,1886
2000,15,1,1,5,0,3,1890
2001,0,0,0,0,0,3,1891
1995,8,1,1,2,0,3,1892
1998,8,4,0,3,0,3,1893
2005,0,0,0,1,0,3,1894
1991,27,17,2,4,0,3,1895
2002,11,0,2,3,0,3,1896
2001,16,3,4,2,0,3,1897
1996,1,1,0,0,0,3,1898
1998,11,2,2,1,0,3,1899
2000,21,15,5,7,0,3,1900
1993,32,36,8,2,0,3,1901
1998,14,6,0,1,0,3,1902
1998,0,0,0,0,0,3,1899
2000,17,8,2,2,0,3,1903
1991,21,0,0,0,0,0,1904
1992,16,0,0,1,0,0,1905
1992,7,0,0,0,0,0,1906
1996,0,0,0,0,0,0,1907
1987,9,0,0,1,0,0,1908
1991,1,0,0,0,0,0,1909
2000,0,0,0,0,0,0,1910
1998,1,0,0,0,0,0,1911
1998,31,0,0,4,0,0,1912
1999,34,0,0,2,0,0,1913
1996,7,0,0,0,0,0,1914
1992,19,0,0,2,0,0,1905
2002,6,0,0,0,0,0,1915
1993,37,0,0,2,0,0,1916
1991,0,0,0,0,0,0,1917
1996,31,0,0,3,0,0,1918
1993,30,0,0,3,0,0,1919
1995,36,0,0,2,0,0,1920
1998,6,0,0,0,0,0,1921
1984,1,0,0,0,0,0,1922
1993,38,0,0,3,0,0,1923
1992,1,0,0,0,0,0,1924
1995,34,0,0,0,0,0,1925
1995,1,0,0,0,0,0,1926
2001,23,0,0,0,0,0,1927
1992,2,0,0,0,0,0,1928
1997,1,0,0,0,0,0,1929
1987,35,0,0,1,0,0,1930
1993,31,0,0,2,0,0,1931
2001,1,0,0,0,0,0,1932
2000,27,0,0,0,0,0,1933
1988,0,0,0,0,0,0,1934
1999,2,0,0,0,0,0,1935
1999,22,0,0,2,0,0,1936
1992,33,0,0,2,0,0,1937
1997,16,0,0,2,0,0,1938
1995,2,0,0,0,0,0,1939
1990,0,0,0,0,0,0,1940
1994,33,0,0,2,0,0,1941
1992,4,0,0,0,0,0,1942
1994,30,0,0,0,0,0,1943
1990,1,0,0,0,0,0,1944
1996,6,0,0,1,0,0,1945
1997,35,0,0,2,0,0,1946
1999,4,0,0,0,0,0,1947
1990,35,0,0,1,0,0,1948
2001,33,0,0,1,0,0,1949
1982,2,0,0,2,1,0,1950
2005,34,0,0,3,0,0,1951
1994,28,0,0,4,0,0,1952
1995,36,0,0,3,1,0,1953
1991,17,0,0,0,0,0,1954
1992,15,0,0,1,0,0,1955
1987,13,0,0,0,0,0,1956
1995,3,0,0,2,0,0,1957
1997,0,0,0,0,0,0,1958
1992,25,0,0,2,0,0,1959
1993,0,0,0,0,0,0,1960
1999,15,0,0,1,0,0,1961
1993,31,0,0,5,0,0,1962
1991,32,0,0,2,0,0,1963
1997,2,0,0,0,0,0,1964
1987,3,0,0,0,0,0,1965
1999,24,0,0,3,1,0,1966
1999,34,0,0,1,0,0,1967
1997,32,0,0,0,0,0,1968
1988,34,0,0,1,0,0,1969
1994,33,0,0,3,0,0,1970
1996,34,0,0,3,0,0,1971
1994,3,0,0,0,0,0,1972
1992,13,0,0,1,0,0,1973
1994,38,0,0,5,0,0,1974
1999,6,0,0,0,0,0,1975
1995,4,0,0,0,0,0,1976
1989,22,0,0,1,0,0,1977
1991,0,0,0,0,0,0,1978
1990,17,0,0,0,0,0,1979
1995,32,0,0,2,0,0,1980
1983,7,0,0,0,0,0,1981
1999,8,0,0,1,0,0,1982
1993,34,0,1,1,0,0,1983
1988,33,0,0,5,0,0,1984
1985,21,0,0,0,0,0,1985
1994,17,0,0,2,0,0,1986
1999,4,0,0,0,0,0,1987
1986,23,0,0,1,0,0,1988
2001,30,0,0,0,0,0,1989
1996,17,0,0,3,0,0,1990
1991,4,0,0,0,0,0,1991
1990,34,0,1,1,0,0,1992
1992,3,0,0,0,0,0,1993
1997,27,0,0,2,0,0,1994
1983,2,0,0,0,0,0,1995
1989,33,0,0,2,0,0,1996
1999,4,0,0,0,0,0,1997
1990,32,0,0,2,0,0,1998
1995,7,0,0,0,0,0,1999
1990,1,0,0,1,0,0,2000
1996,30,0,0,1,0,0,2001
2000,1,0,0,0,0,0,2002
1994,4,0,0,1,0,0,2003
1990,24,0,0,1,0,0,2004
2000,2,0,0,0,0,0,2005
1995,29,0,1,1,1,0,2006
2002,28,0,0,2,0,0,2007
1992,38,0,0,2,0,0,2008
1993,38,0,0,1,0,0,2009
2006,1,0,0,0,0,0,2010
1992,34,0,0,4,0,0,2011
1997,18,0,0,2,0,0,2012
1998,36,0,0,4,1,0,2013
1999,21,0,0,2,0,0,2014
1999,12,0,0,1,0,0,2015
1989,32,0,0,5,0,0,2016
1988,2,0,1,0,0,0,2017
1993,1,0,0,0,0,0,2018
2002,21,0,0,3,0,0,2019
1996,37,0,1,0,0,0,2020
1998,10,0,0,0,0,0,2021
1991,34,0,0,1,0,0,2022
1990,13,0,0,0,0,0,2023
1993,32,0,0,2,0,0,2024
1997,36,0,0,2,1,0,2025
1998,10,0,0,0,0,0,2026
1997,26,0,0,1,0,0,2027
1998,22,0,0,0,0,0,2028
1988,1,0,0,0,0,0,2029
1992,28,0,0,1,0,0,2030
1994,11,0,0,0,0,0,2031
1994,34,0,0,1,0,0,2032
2001,8,0,0,0,0,0,2033
1985,34,0,0,1,0,0,2034
2000,36,0,0,3,1,0,2035
1990,1,0,0,0,0,0,2036
1988,11,0,0,1,0,0,2037
1987,27,0,0,2,0,0,2038
2001,2,0,0,0,0,0,2039
2004,0,0,0,0,0,0,2040
1997,1,0,0,0,0,0,2041
2004,0,0,0,0,0,0,2042
1986,4,0,0,0,0,0,2043
1996,9,0,0,1,0,0,2044
1996,38,0,0,2,0,0,2045
2001,4,0,0,0,0,0,2046
1995,1,0,0,0,0,0,2047
1990,3,0,0,0,0,0,2048
1992,38,0,0,3,0,0,2049
1997,1,0,0,0,0,0,2050
1993,4,0,0,0,0,0,2051
2001,4,0,0,1,0,0,2052
1994,5,0,0,0,0,0,2053
1991,29,0,0,2,0,0,2054
1993,36,0,1,3,0,0,2055
1990,31,0,0,0,0,0,2056
1990,4,0,0,1,1,0,2057
2000,3,0,0,0,0,0,2058
1993,2,0,0,1,0,0,2059
1992,38,0,0,3,0,0,2060
1985,1,0,0,0,0,0,2061
2001,6,0,1,0,0,0,2062
1991,30,0,1,1,0,0,2063
1988,33,0,0,3,0,0,2064
1994,13,0,0,1,0,0,2065
1995,38,0,0,0,0,0,2066
1989,14,0,0,0,0,0,2067
1996,15,0,0,1,0,0,2068
1992,28,0,0,3,0,0,2069
1990,4,0,0,0,0,0,2070
1992,7,0,0,0,0,0,2071
1988,3,0,0,0,0,0,2072
1998,4,0,0,0,0,0,2073
2002,36,0,0,4,0,0,2074
1991,6,0,0,2,0,0,2075
1990,33,0,0,3,0,0,2076
1993,20,0,0,1,0,0,2077
1993,34,0,0,0,0,0,2078
1986,0,0,0,0,0,0,2079
1988,23,0,0,1,0,0,2080
1997,4,0,0,0,0,0,2081
2002,15,0,0,1,0,0,2082
1990,4,0,0,0,0,0,2083
1987,1,0,0,0,0,0,2084
1994,7,0,1,1,0,0,2085
1999,21,0,0,2,0,0,2086
1997,0,0,0,0,0,0,2087
1996,38,0,0,5,0,0,2088
1997,11,0,0,0,2,0,2089
1997,36,0,0,2,0,0,2090
1997,31,0,0,0,0,0,2091
1993,30,0,0,1,0,0,2092
1999,28,0,0,2,0,0,2093
1994,30,0,0,3,0,0,2094
1991,8,0,0,0,0,0,2095
1995,2,0,0,0,1,0,2096
2002,34,0,0,0,0,0,2097
1999,33,0,0,1,0,0,2098
1985,8,0,0,0,0,0,2099
1992,7,0,0,0,0,0,2100
1994,0,0,0,0,0,0,2101
1995,27,0,0,2,0,0,2102
1994,33,0,0,1,0,0,2103
1999,10,0,0,0,0,0,2104
1991,32,0,0,3,1,0,2105
2003,26,11,11,3,0,2,2106
2002,5,1,0,2,0,2,2107
1996,14,3,4,2,0,2,2108
2005,0,0,0,0,0,2,2109
1990,29,4,0,8,0,2,2110
2004,0,0,0,0,0,2,2111
2004,0,0,0,0,0,2,2112
2002,0,0,0,1,0,2,2113
2004,14,0,3,2,0,2,2114
1996,6,1,0,0,0,2,1136
2000,4,0,1,0,0,2,2115
2001,8,1,2,1,0,2,2116
2005,0,0,0,0,0,2,2117
2002,1,1,0,1,0,2,2107
1996,1,0,0,0,0,2,2118
1996,15,1,4,5,0,2,2118
1995,31,2,3,10,0,2,2119
1995,4,0,0,2,0,2,2120
1999,5,1,0,0,0,2,2121
1999,2,0,0,1,0,2,2122
2004,1,0,0,1,0,2,2123
1993,15,1,4,3,1,2,2124
1997,26,1,1,11,0,2,2125
2000,27,0,1,5,1,2,2126
1995,24,2,2,1,0,2,2127
2000,1,0,0,1,0,2,794
2002,0,0,0,0,0,2,2128
1997,25,0,1,8,0,2,2129
1998,0,0,0,0,0,2,2130
1993,2,0,0,0,0,2,2131
2000,16,1,2,3,0,2,2132
1999,4,2,0,0,0,2,2133
1995,25,6,2,8,0,2,2134
1999,8,0,1,2,1,2,2135
1995,0,0,0,0,0,2,2136
1999,2,0,0,0,0,2,2135
2005,0,0,0,0,0,2,2137
1994,21,3,2,1,0,2,2138
1999,1,0,0,0,0,2,2139
1992,19,3,4,2,0,2,2140
2004,0,0,0,0,0,2,2141
1988,16,1,1,8,0,2,2142
1993,32,2,1,4,0,2,2143
1997,18,0,2,7,0,2,2144
2000,17,0,0,2,0,2,2145
1995,0,0,1,0,0,2,2146
1999,30,4,1,5,0,2,2147
1997,10,4,0,4,0,2,2148
2003,1,0,1,0,0,2,2149
1998,34,8,10,2,0,2,2150
2002,9,0,0,3,0,2,2128
1995,31,0,2,2,0,2,2151
2002,11,0,1,3,1,2,2152
2004,0,0,0,0,0,2,2153
1996,27,8,0,7,0,2,2154
2001,6,1,0,1,0,2,2155
1989,20,0,0,7,0,2,2156
1997,18,0,1,7,0,2,2157
2001,32,1,3,11,0,2,2158
1991,16,1,4,3,0,2,2159
1999,11,0,2,7,0,2,2160
1994,28,13,3,5,0,2,2161
2003,30,8,11,11,1,2,2162
1992,31,3,0,5,0,2,2163
1998,11,1,1,6,0,2,2164
2004,25,1,4,3,0,2,2165
1995,12,3,1,4,0,2,2166
1998,22,7,3,7,0,2,2167
2004,8,0,0,2,0,2,2168
1997,22,1,1,6,0,2,2169
1995,19,0,2,17,0,2,2170
1991,35,3,1,14,0,2,2171
2000,14,0,1,5,0,2,2172
2002,4,0,1,0,0,2,2173
2000,26,2,3,10,0,2,2174
1991,0,0,0,0,0,2,2175
1992,26,5,7,7,0,2,2176
1992,8,0,0,5,0,2,2177
1997,3,0,0,1,0,2,2178
1997,0,0,0,0,0,2,2178
2000,12,1,2,4,0,2,2179
2004,10,0,0,2,0,2,2180
1996,1,0,0,2,0,2,2181
2005,0,0,0,0,0,2,2182
2003,26,19,6,5,1,2,2183
2000,5,1,0,2,0,2,2184
1994,16,1,2,3,0,2,2185
2004,0,0,0,0,0,2,2186
1994,18,0,1,3,0,2,2187
2004,1,0,0,0,0,2,2186
1994,20,1,0,5,0,2,2188
2005,2,0,0,0,0,2,2189
2006,0,0,0,0,0,2,2190
2007,2,0,0,3,1,2,2191
1994,25,2,0,4,0,2,2192
1997,18,0,0,5,0,2,2193
1999,27,0,0,2,0,2,2194
1999,19,1,3,8,0,2,2195
2003,15,2,0,4,0,2,2196
1995,0,0,0,0,0,2,2197
1995,6,1,0,4,0,2,2197
2001,9,0,0,4,0,2,2198
1999,18,2,0,5,0,2,2199
2006,0,0,0,0,0,2,2200
1991,3,0,0,0,0,2,2201
1991,2,0,0,1,0,2,2202
1994,18,7,5,3,0,2,2203
2002,19,0,1,4,0,2,2204
1996,13,0,0,5,0,2,2205
2003,17,0,1,5,0,2,2206
2004,5,1,0,0,0,2,1640
1990,13,0,2,4,0,2,2207
2001,5,0,0,2,0,2,2208
1994,0,0,0,0,0,2,2209
1993,18,1,2,9,0,2,2210
1996,23,0,0,10,2,2,2211
1996,16,2,2,3,1,2,2212
2000,0,0,0,0,0,2,2213
2003,1,0,0,1,0,2,613
1996,18,0,2,4,0,2,2214
2004,0,0,0,1,0,2,2215
2002,11,0,0,4,1,2,2216
1993,24,6,3,7,0,2,2217
2002,18,1,0,4,1,2,2218
1998,33,1,2,10,1,2,2219
1993,13,1,2,2,1,2,2220
2000,23,3,2,1,0,2,2221
1996,13,2,2,2,0,2,2222
1999,27,6,1,7,0,2,2223
1999,6,0,0,1,0,2,2224
2001,23,1,1,7,0,2,2225
1998,22,1,0,6,1,2,2226
1997,11,1,1,7,0,2,2227
1994,22,0,3,7,0,2,2228
1997,13,2,2,2,0,2,2229
1989,25,8,3,6,0,2,2230
1998,13,3,1,5,0,2,2231
2003,16,1,1,9,0,2,2232
2004,11,0,2,5,0,2,2233
1994,19,2,1,5,0,2,2234
1999,1,0,0,0,0,2,2224
1995,25,4,2,4,1,2,2235
2002,20,0,2,2,0,2,2236
2004,3,0,0,2,0,2,2237
1996,17,0,1,5,0,2,2181
1989,28,1,3,6,0,2,2238
2000,26,4,2,1,0,2,2239
1997,16,1,1,6,0,2,2240
1999,30,1,0,3,0,2,2241
1989,10,0,3,3,1,2,1018
1999,25,0,1,10,0,2,2242
1996,16,0,0,5,0,2,2243
1995,32,7,2,7,0,2,2244
2004,0,0,0,0,0,2,2245
2001,6,2,2,4,0,2,2246
2001,17,1,2,1,0,2,2247
1995,1,1,0,0,0,2,802
1998,20,1,3,7,0,2,2248
1999,3,0,0,0,0,2,2249
1998,0,0,0,0,0,2,2250
2000,24,7,4,0,0,2,1047
1999,0,0,0,0,0,2,2251
2005,6,0,0,0,0,2,2252
2002,9,1,2,1,0,2,2253
2002,13,0,0,6,0,2,2254
1994,28,2,1,9,0,2,2255
1995,36,2,0,7,0,2,2256
2004,4,0,0,0,0,2,2257
1994,33,7,7,4,0,2,2258
2001,0,0,0,1,0,2,1837
2003,8,0,1,1,0,2,2259
2001,22,0,2,5,0,2,2260
1993,17,3,1,2,0,2,2261
1998,2,0,0,0,0,2,2262
2004,0,0,0,0,0,2,2263
2001,31,0,1,10,0,2,2264
2000,29,4,1,8,0,2,2265
1993,29,5,4,6,0,2,2266
1997,32,2,3,7,0,2,2267
1993,30,7,10,8,0,2,2268
1994,30,1,0,7,1,2,2269
2004,3,0,0,1,0,2,2270
2001,30,1,5,5,0,2,2271
2001,1,0,0,0,0,2,2271
1998,2,1,1,1,0,2,2272
1998,32,2,7,2,0,2,2273
1998,26,2,3,4,0,2,2262
2000,5,0,0,2,0,2,2274
1998,37,7,1,4,0,2,2275
2004,1,0,0,0,0,2,2276
2004,15,0,0,7,0,2,2276
2002,1,0,0,0,0,2,2277
1991,13,6,1,8,0,2,2278
1994,15,2,1,5,0,2,2279
2002,7,0,0,3,0,2,2280
2004,0,0,0,0,0,2,2281
1990,3,0,1,4,0,2,2282
1996,26,3,1,5,1,2,2283
1993,24,1,2,4,0,2,2284
2005,2,0,0,2,0,2,2285
1992,0,0,0,0,0,2,2286
1995,21,0,0,12,0,2,2287
1998,9,1,1,1,0,2,2288
2001,15,1,2,3,0,2,2289
1994,24,0,1,6,0,2,2290
1998,16,0,2,4,0,2,2291
2005,5,1,1,1,0,2,2292
1995,24,9,6,4,0,2,2293
1998,13,1,2,5,0,2,2294
1995,15,0,0,4,0,2,2295
2001,18,0,3,5,0,2,2296
1995,21,0,1,6,0,2,2297
2003,0,0,0,0,0,2,2298
2001,0,0,0,0,0,2,2299
2003,12,1,1,3,0,2,2300
1996,26,3,9,1,0,2,2301
1998,12,0,0,0,0,2,471
1989,31,2,8,4,0,2,2302
2005,0,0,0,0,0,2,2303
1985,19,2,6,2,0,2,2304
1992,24,5,7,3,0,2,2305
1990,26,1,1,10,1,2,2306
1991,1,0,0,1,0,2,2307
1998,23,5,0,9,0,2,2308
1998,20,1,3,2,1,2,2309
1989,11,0,3,4,0,2,2310
1997,28,2,2,8,1,2,2311
2001,23,3,2,3,0,2,2312
2006,13,1,3,1,0,2,2313
2003,1,0,0,1,0,2,2314
1996,2,0,0,1,0,2,2315
1997,18,2,0,7,0,2,2316
2001,13,1,1,3,1,2,2317
2002,0,0,0,0,0,2,1041
2004,0,0,0,0,0,2,2318
2000,6,0,0,1,0,2,2319
1996,24,3,3,5,0,2,2320
1997,16,3,2,3,0,2,2321
2003,1,0,0,2,0,2,1123
2004,0,0,0,0,0,2,2322
2000,30,0,0,5,0,2,2323
1996,22,2,3,2,0,2,2324
2007,0,0,0,0,0,2,2325
2003,2,0,0,0,0,2,2326
2003,0,0,0,0,0,2,2327
2006,0,0,0,0,0,2,2328
1997,12,2,1,4,0,2,1860
1997,0,0,0,0,0,2,2329
1992,12,0,1,2,0,2,2330
2005,0,0,0,0,0,2,580
1996,28,5,3,10,0,2,2331
1996,2,0,0,0,0,2,1865
2006,0,0,0,0,0,2,2332
1992,26,8,5,10,0,2,2333
2003,2,0,0,0,0,2,2334
2004,0,0,0,0,0,2,2335
1994,4,0,0,1,0,2,2336
2001,9,1,0,0,0,2,2337
1997,8,0,1,1,0,2,505
2005,2,0,0,0,0,2,2338
1996,18,0,2,4,0,2,2339
1999,14,1,0,2,0,2,2340
1986,5,0,0,2,0,2,2341
2000,0,0,0,0,0,2,2342
1994,13,0,0,5,0,2,2343
2000,1,0,1,0,0,2,2344
2002,12,1,0,0,0,2,1422
2004,0,0,0,1,0,2,2345
1995,20,0,1,6,1,2,2346
1992,23,3,2,5,1,2,2347
1995,25,6,7,3,0,2,2348
1997,14,4,2,4,0,2,2349
2004,0,0,0,0,0,2,2350
2001,2,0,0,1,0,2,2351
2002,14,1,1,6,0,2,2352
2004,0,0,0,0,0,2,2353
1997,1,0,0,1,0,2,2354
1989,14,1,0,4,0,2,2355
1999,2,0,0,0,0,2,2356
2000,3,0,1,1,0,2,2357
1994,15,1,4,10,1,2,2358
2003,10,2,0,1,0,2,2359
1999,26,2,3,3,1,2,2360
1999,0,0,0,0,0,2,2360
2003,28,4,1,3,1,2,2361
2002,2,0,0,1,0,2,2362
1999,18,0,2,2,0,2,2363
1998,9,1,0,0,0,2,2364
2005,1,0,0,0,0,2,2365
1991,0,0,0,0,0,2,2366
2004,0,0,0,1,0,2,2367
1997,32,4,6,9,0,2,2368
1998,17,2,1,5,0,2,2369
1996,12,1,0,2,0,2,2370
1996,1,0,0,1,0,2,2371
2000,4,0,0,3,0,2,2372
1994,21,1,2,8,0,2,2373
1996,0,0,0,0,0,2,2374
2002,0,0,0,0,0,2,2375
1995,30,3,4,2,0,2,2376
1990,33,5,9,5,0,2,2377
1994,30,0,3,12,0,2,2378
2002,21,4,0,5,0,2,2379
1995,29,2,3,6,0,2,2380
2005,0,0,0,0,0,2,2381
1997,36,7,8,9,0,2,2382
2004,0,0,0,0,0,2,2383
1995,13,3,7,1,0,2,2384
2000,15,1,0,7,0,2,2385
1997,33,1,0,7,0,2,2386
1996,24,4,3,5,0,2,2387
2000,11,1,2,3,0,2,2388
1995,0,1,0,0,0,2,2389
2005,0,0,1,0,0,2,2390
1996,0,0,0,0,0,2,2391
2003,1,0,0,0,0,2,2392
1999,20,0,3,6,0,2,2393
2005,0,0,0,1,0,2,2394
1993,23,2,2,1,0,2,2395
1998,2,0,0,0,0,2,2396
1998,29,5,5,7,1,2,2397
1993,9,4,0,0,1,2,2398
1996,24,4,9,5,0,2,2399
1996,0,0,1,0,0,2,2400
2004,0,0,0,0,0,2,2401
1998,20,4,2,9,1,2,2402
1993,8,0,0,3,0,2,2403
1998,26,2,0,6,0,2,2404
1997,19,1,0,2,0,2,2405
1990,24,1,8,3,0,2,2406
2001,15,1,2,5,0,2,2407
1991,3,0,0,4,0,2,2408
1999,11,2,4,0,0,2,2409
1998,15,0,0,2,0,2,2410
2005,21,3,1,3,0,2,2411
1996,7,1,1,1,0,2,2412
1998,0,0,0,0,0,2,1157
1996,12,1,0,3,0,2,2413
1998,22,1,4,4,1,2,2414
1998,33,9,5,12,0,2,2415
1996,12,0,3,2,0,2,2416
2005,4,0,0,0,0,2,2417
2001,16,3,1,0,0,2,2418
2000,6,0,1,4,0,2,2419
2002,3,0,0,1,0,2,2420
1993,33,4,1,12,1,2,2421
1995,2,0,0,0,0,2,2422
1993,28,4,0,12,1,2,2423
1996,6,2,2,2,0,2,2424
1994,36,0,1,4,0,2,2425
1998,33,1,4,6,0,2,2426
1996,23,6,1,5,0,2,2427
1994,17,1,0,4,0,2,2428
2000,20,0,1,2,0,2,2429
2000,17,0,1,3,0,2,2430
1997,9,0,0,1,0,2,2431
1997,2,0,0,0,1,2,2431
1995,23,1,2,8,0,2,2432
2002,21,0,0,5,0,2,2433
1986,29,1,2,10,0,2,2434
2004,0,0,0,0,0,2,2435
1999,10,1,3,1,0,2,2436
2004,21,2,1,1,0,2,2437
1998,22,1,3,1,1,2,2438
2000,10,0,3,3,0,2,2439
1997,30,6,2,7,0,2,2440
1991,10,0,2,1,0,2,2441
1989,2,0,0,2,0,2,2442
1995,36,4,0,4,0,2,2443
2004,0,0,0,0,0,2,2444
1996,29,0,4,9,0,2,2445
1990,15,1,0,3,0,2,2446
2000,21,0,2,5,0,2,2447
1993,18,0,0,8,1,2,2448
1999,18,0,1,7,1,2,2449
2000,13,0,3,1,0,2,2450
1996,17,2,2,3,0,2,2451
2000,1,0,0,1,0,2,2452
2002,23,3,3,9,0,2,2453
2002,1,0,1,2,0,2,2454
1988,11,0,0,7,0,2,2455
1988,14,0,0,2,0,2,2455
2004,0,0,0,0,0,2,2456
1992,27,3,4,7,0,2,2457
1998,15,1,0,3,0,2,2458
1998,9,0,1,2,0,2,2458
2001,15,0,0,4,1,2,2459
2003,0,0,0,0,0,2,2460
2000,4,0,0,1,0,2,2461
2000,0,0,0,0,0,2,2461
1995,25,5,0,6,1,2,2462
1998,6,0,1,2,0,2,2463
1990,13,0,1,5,0,2,2464
2004,10,1,1,1,0,2,2465
1999,30,5,4,5,0,2,2466
2002,27,1,1,6,0,2,2467
1996,9,0,0,2,0,2,2468
1998,29,12,5,5,0,2,2469
1998,29,0,1,11,0,2,2470
2001,17,1,0,4,1,2,2471
1993,17,4,1,7,0,2,2472
1999,25,1,1,1,0,2,2473
2000,0,0,0,0,0,2,2474
2005,5,0,0,4,1,2,2475
1993,16,0,0,3,0,2,2476
1997,18,3,3,5,0,2,2477
1998,17,1,0,6,0,2,2478
1998,30,1,0,5,2,2,2479
1998,4,2,0,0,0,2,2478
1997,2,0,0,1,0,2,2480
1993,2,0,0,1,0,2,2481
1994,6,3,1,1,0,2,2482
1994,15,0,0,5,1,2,2483
1989,15,3,2,1,0,2,2484
2004,0,0,0,0,0,2,2485
2002,14,1,0,4,0,2,2486
1996,20,0,3,3,0,2,2487
2002,20,2,1,4,0,2,2488
2000,0,0,0,1,0,2,2489
2000,8,1,0,1,0,2,2490
1992,28,0,4,5,0,2,2491
2001,29,2,1,11,0,2,2492
2005,0,0,0,1,0,2,2493
2007,0,0,0,0,0,2,2494
1988,29,2,4,9,0,2,2495
1994,20,2,0,6,0,2,2496
2001,20,2,2,4,0,2,199
1996,36,6,2,8,0,2,2497
2003,3,0,0,2,0,2,2498
2000,9,0,2,2,0,2,2499
1996,2,1,0,0,0,2,2500
1996,5,0,1,1,1,2,2500
2002,0,0,0,0,0,2,2501
1996,23,2,3,9,0,2,2502
1991,10,0,1,4,0,2,2503
1994,10,0,0,2,0,2,2504
2001,0,0,0,0,0,2,2505
1989,5,0,0,1,0,2,2506
1996,6,0,0,4,0,2,2507
1995,4,0,0,0,0,2,2508
2002,25,1,8,8,0,2,2509
2001,15,0,2,6,0,2,2510
1993,12,0,0,1,0,2,2511
2004,1,0,0,0,0,2,953
1997,0,0,0,0,0,2,2512
1996,23,0,1,5,0,2,2513
2000,26,1,1,8,0,2,2514
2003,3,0,2,1,0,2,2515
1996,33,8,9,8,1,2,1117
2004,1,0,1,0,0,2,2516
1990,1,0,0,0,0,2,2517
2003,0,0,0,0,0,2,2518
2000,0,0,0,0,0,2,2519
2005,0,0,0,0,0,2,2520
1995,15,0,2,6,0,2,2521
1998,31,3,3,8,0,2,2522
1995,0,0,0,0,0,2,2523
2002,24,6,3,2,0,2,2524
1995,1,1,0,0,0,2,2523
1991,1,0,0,1,0,2,2525
1997,22,2,0,4,0,2,2526
2001,27,1,2,8,1,2,2527
1996,11,2,1,5,0,2,2528
1999,36,7,8,5,0,2,2529
1995,18,1,0,7,0,2,2530
1994,23,3,5,7,0,2,2531
2002,4,1,0,0,0,2,2532
1991,14,4,10,2,0,2,2533
1998,2,0,0,2,0,2,2534
2005,2,0,0,0,0,2,2535
1998,0,0,0,0,0,2,2536
1997,26,0,5,11,0,2,2537
1999,1,0,0,0,0,2,2538
1993,24,2,5,4,0,2,2539
1996,22,2,2,5,0,2,2540
2002,15,3,1,4,0,2,2541
2003,0,0,0,0,0,2,2542
1996,13,1,3,3,0,2,2543
2001,17,4,2,3,0,2,2544
1995,21,0,1,3,0,2,2545
2004,7,1,0,4,0,2,2546
2004,0,0,0,0,0,2,2547
2004,9,1,0,4,0,2,2547
1997,29,1,1,5,0,2,2548
2004,0,0,0,0,0,2,2549
1991,31,9,6,8,1,2,2550
1994,15,1,0,8,0,2,2551
1999,14,1,2,1,1,2,2552
1994,0,0,0,0,0,2,2553
1997,28,0,5,7,0,2,2554
2000,22,1,3,1,0,2,2555
1998,14,1,1,4,0,2,2556
2001,22,0,5,6,0,2,2557
1994,3,0,0,1,0,2,2558
1999,22,2,2,3,0,2,2559
2003,0,0,0,0,0,2,2560
2003,11,1,1,3,0,2,2561
2001,5,0,0,1,0,2,1385
1992,8,1,3,2,0,2,2562
2002,2,0,0,0,0,2,2563
2000,18,0,0,2,1,2,2564
2001,8,0,2,1,0,2,2565
1994,22,2,3,4,0,2,2566
1997,12,0,0,6,0,2,2567
2001,29,0,3,5,0,2,2568
2001,2,0,0,1,0,2,2569
1994,22,4,3,3,1,2,2570
1989,0,0,0,0,0,2,2571
2001,0,0,0,0,0,2,2572
1991,10,0,0,4,0,2,2573
1997,31,0,3,5,1,2,2574
2005,0,0,0,1,0,2,2575
1996,18,2,0,8,2,2,2576
1991,0,0,0,0,0,2,2577
2002,26,6,2,3,0,2,2578
1996,1,0,0,0,0,2,2579
1996,0,0,0,0,0,2,2579
1994,28,0,4,9,0,2,2580
1996,16,1,0,2,0,2,2581
2005,0,0,0,0,0,2,2582
1997,2,1,0,1,1,2,2583
1998,6,0,0,1,0,2,2584
2000,22,4,5,5,2,2,2585
1997,2,1,0,2,0,2,2586
1993,14,1,1,4,0,2,2587
2005,1,0,0,0,0,2,2588
1997,16,3,1,3,0,2,2589
2004,0,0,0,0,0,2,2590
1994,18,1,0,10,0,2,2591
1995,32,0,5,6,0,2,2592
1999,14,1,3,4,0,2,2593
1999,13,0,2,2,0,2,2594
2005,4,0,0,2,0,2,2595
1996,33,1,0,13,0,2,2596
2005,0,0,0,0,0,2,2597
1992,29,1,1,9,0,2,2598
2001,35,2,5,6,0,2,2599
1999,11,6,3,1,0,2,2600
2001,26,2,1,3,0,2,2601
2000,14,0,1,5,0,2,2602
2004,0,0,0,0,0,2,2603
1999,0,0,0,0,0,2,2604
2000,21,2,1,5,0,2,2605
2002,14,1,2,3,0,2,2606
2004,7,1,0,2,0,2,2607
2000,13,2,0,3,0,2,2608
1999,30,4,4,3,0,2,2609
1998,13,0,0,3,0,2,2610
2006,0,0,0,0,0,2,2611
2004,20,1,0,4,0,2,2612
2002,2,0,0,1,0,2,2613
1998,20,4,4,6,0,2,2614
2006,0,0,0,0,0,2,2615
1995,30,4,1,13,0,2,2616
2002,0,0,0,0,0,2,1244
1992,23,1,1,6,0,2,2617
1996,0,1,0,0,0,2,2618
1996,15,1,2,1,0,2,2619
1998,13,1,2,8,0,2,2620
2003,0,0,0,0,0,2,2621
2000,6,1,0,1,0,2,2622
2000,29,0,8,5,0,2,2623
1991,16,1,0,8,0,2,2624
1998,2,0,0,2,1,2,2625
1998,7,0,2,0,0,2,2625
2004,6,0,0,2,0,2,2626
2001,24,0,1,8,1,2,2627
1994,28,2,1,8,0,2,2628
1998,1,0,0,1,0,2,2629
1992,5,0,0,1,0,2,2630
1999,0,0,0,0,0,2,2631
1988,25,0,0,7,0,2,2632
2003,0,0,0,0,0,2,2633
2001,33,1,2,7,0,2,2634
1996,0,0,0,0,0,2,2635
1997,36,3,6,4,1,2,2636
2004,1,0,0,0,0,2,2637
2000,4,0,0,3,0,2,2638
2000,7,0,0,1,0,2,2639
1989,21,4,0,8,0,2,2640
2000,35,5,7,9,1,2,2641
1998,16,4,5,0,0,2,2642
1993,23,1,1,7,0,2,2643
2000,2,1,0,1,0,2,1667
2001,23,2,0,5,0,2,2644
1990,8,1,0,4,0,2,2645
1987,5,0,0,0,0,2,2070
2001,24,3,2,7,0,2,2646
1992,14,0,1,3,0,2,2647
2001,14,0,0,2,0,2,2648
2003,10,6,5,1,0,2,2649
1997,20,0,0,7,0,2,2650
2004,0,0,0,0,0,2,2651
1999,4,0,0,0,0,2,2652
1993,1,0,0,0,0,2,2653
2001,1,0,0,0,0,2,2654
2000,10,0,0,2,0,2,2655
2000,25,3,2,5,0,2,2656
2001,8,0,0,2,0,2,2657
1998,15,0,0,5,0,2,2658
1994,27,1,4,14,2,2,2659
1998,1,0,0,0,0,2,1616
2003,22,1,1,4,0,2,2660
1993,1,0,0,0,0,2,2661
1995,24,4,5,10,1,2,2662
2003,3,1,0,1,0,2,2663
2001,3,0,0,3,0,2,2664
2004,0,0,0,0,0,2,2665
1999,0,0,0,0,0,2,2666
1995,30,5,3,8,0,2,2667
2003,15,1,0,2,0,2,2668
1999,13,1,0,4,0,2,2669
1988,16,2,1,6,0,2,2670
1996,0,0,0,0,0,2,2671
2000,34,1,3,1,0,2,2672
1993,21,2,5,2,0,2,2673
1995,3,0,0,3,1,2,2674
1994,29,3,5,15,1,2,2675
1989,29,3,5,4,0,2,2676
1999,30,6,3,8,0,2,2677
1995,23,6,6,3,0,2,2678
2003,14,1,1,6,0,2,2679
2004,14,2,2,6,0,2,2680
1998,20,2,2,6,1,2,2681
1986,4,1,0,4,0,2,2682
2004,0,0,0,0,0,2,2683
2001,5,0,2,1,0,2,2684
1996,21,8,3,7,0,2,2685
1995,1,0,0,0,0,2,2674
1993,19,1,2,2,1,2,2686
1993,19,1,0,10,0,2,2687
2005,5,0,0,3,0,2,2688
1991,23,0,2,3,0,2,2689
1996,29,3,7,6,0,2,2690
1992,0,0,0,0,0,2,2691
1997,4,0,1,2,0,2,2692
1996,32,1,2,6,0,2,2693
2003,18,0,0,6,0,2,2694
1997,36,6,3,5,1,2,2695
1999,32,6,1,8,0,2,2696
2004,0,0,0,0,0,2,2697
1992,13,1,2,1,0,2,2698
2003,13,0,0,3,0,2,2699
